image_id,source,layout_neg,color_neg,visual_neg,text_info_neg,layout_pos,color_pos,visual_pos,text_info_pos,total_neg,total_pos,pressure_score,pressure_label
fac_001,facebook,0.0,0.0,0.0,0.0,0.0,0.0,0.3,0.0,0.0,0.3,-0.3,low
fac_002,facebook,0.0,0.0,0.0,0.0,0.0,0.0,1.0,0.0,0.0,1.0,-1.0,low
fac_003,facebook,0.0,0.0,0.0,0.0,0.0,0.0,1.15,0.0,0.0,1.15,-1.15,low
fac_004,facebook,0.0,0.6,0.0,0.0,0.0,1.05,0.7,0.0,0.6,1.75,-1.15,low
fac_005,facebook,0.0,0.0,0.0,0.0,0.0,0.0,0.8,0.0,0.0,0.8,-0.8,low
fac_006,facebook,1.0,0.0,0.0,0.0,0.0,0.0,1.2,0.0,1.0,1.2,-0.2,low
fac_007,facebook,0.0,0.6,0.0,0.0,0.0,0.0,1.0,0.0,0.6,1.0,-0.4,low
fac_008,facebook,0.0,0.6,0.9,0.0,0.8,0.0,0.8,0.0,1.5,1.6,-0.1,low
fac_009,facebook,1.0,0.0,1.0,0.0,0.7,0.0,0.5,0.0,2.0,1.2,0.8,high
fac_010,facebook,0.0,0.0,0.0,0.0,0.0,0.0,0.5,0.0,0.0,0.5,-0.5,low
fac_011,facebook,0.0,0.0,0.0,0.0,0.0,0.0,0.2,0.0,0.0,0.2,-0.2,low
fac_012,facebook,0.0,0.0,0.0,0.0,0.0,0.0,0.7,0.0,0.0,0.7,-0.7,low
fac_013,facebook,0.0,0.0,1.0,0.0,0.0,0.7,0.7,0.0,1.0,1.4,-0.4,low
fac_014,facebook,0.0,0.0,1.0,0.0,0.0,0.0,0.5,0.0,1.0,0.5,0.5,high
fac_015,facebook,0.0,0.0,0.0,0.0,0.0,0.0,0.7,0.0,0.0,0.7,-0.7,low
fac_016,facebook,0.0,0.8,0.0,0.0,0.0,0.0,0.0,0.0,0.8,0.0,0.8,high
fac_017,facebook,0.0,0.0,0.0,0.0,0.0,0.0,0.0,0.0,0.0,0.0,0.0,neutral
fac_018,facebook,0.0,0.0,0.0,0.0,0.0,0.0,0.0,0.0,0.0,0.0,0.0,neutral
fac_019,facebook,0.0,0.0,0.0,0.0,0.0,0.0,0.0,0.0,0.0,0.0,0.0,neutral
fac_020,facebook,0.0,0.5,0.0,0.0,0.0,0.0,0.3,0.0,0.5,0.3,0.2,high
fac_021,facebook,0.0,0.0,0.0,0.0,0.0,0.0,0.5,0.0,0.0,0.5,-0.5,low
fac_022,facebook,0.0,0.0,0.0,0.0,0.0,0.7,0.5,0.0,0.0,1.2,-1.2,low
fac_023,facebook,1.0,0.0,0.0,0.0,0.0,0.0,0.8,0.0,1.0,0.8,0.2,high
fac_024,facebook,0.0,0.0,0.0,0.0,0.0,0.0,0.7,0.0,0.0,0.7,-0.7,low
fac_025,facebook,0.0,0.0,0.0,0.0,0.0,0.0,1.2,0.0,0.0,1.2,-1.2,low
fac_026,facebook,0.0,0.0,0.0,0.0,0.0,0.0,0.5,0.0,0.0,0.5,-0.5,low
fac_027,facebook,0.0,0.0,0.0,0.0,0.0,0.0,0.3,0.0,0.0,0.3,-0.3,low
fac_028,facebook,0.0,0.0,0.0,0.0,0.0,0.0,0.3,0.0,0.0,0.3,-0.3,low
fac_029,facebook,0.0,0.0,0.0,0.0,0.0,0.0,0.8,0.0,0.0,0.8,-0.8,low
fac_030,facebook,1.0,0.0,0.0,0.0,0.7,0.0,0.3,0.0,1.0,1.0,0.0,neutral
fac_031,facebook,0.0,0.0,0.0,0.0,0.0,0.0,0.7,0.0,0.0,0.7,-0.7,low
fac_032,facebook,0.0,0.0,0.0,0.0,0.0,0.7,0.85,0.0,0.0,1.55,-1.55,low
fac_033,facebook,0.0,0.0,0.0,0.0,0.0,0.0,0.8,0.0,0.0,0.8,-0.8,low
fac_034,facebook,0.0,0.0,0.0,0.0,0.0,0.0,0.4,0.0,0.0,0.4,-0.4,low
fac_035,facebook,0.0,0.0,0.0,0.0,0.0,0.7,1.0,0.0,0.0,1.7,-1.7,low
fac_036,facebook,0.0,0.0,0.0,0.0,0.0,0.0,0.8,0.0,0.0,0.8,-0.8,low
fac_037,facebook,0.0,0.0,0.0,0.0,0.0,0.0,0.4,0.0,0.0,0.4,-0.4,low
fac_038,facebook,0.0,0.0,0.0,0.0,0.0,0.0,0.4,0.0,0.0,0.4,-0.4,low
fac_039,facebook,0.0,0.0,0.8,0.0,0.0,0.7,0.9,0.0,0.8,1.6,-0.8,low
fac_040,facebook,0.0,0.0,0.0,0.0,0.0,0.0,0.5,0.0,0.0,0.5,-0.5,low
fac_041,facebook,0.0,0.0,0.0,0.0,1.05,0.7,0.5,0.0,0.0,2.25,-2.25,low
fac_042,facebook,0.0,0.0,1.0,0.0,0.0,0.7,0.95,0.0,1.0,1.65,-0.65,low
fac_043,facebook,0.0,0.0,0.0,0.0,0.0,0.0,0.7,0.0,0.0,0.7,-0.7,low
fac_044,facebook,0.0,0.0,0.0,0.0,0.0,0.0,0.4,0.0,0.0,0.4,-0.4,low
fac_045,facebook,0.0,0.0,0.0,0.0,0.0,0.0,0.2,0.0,0.0,0.2,-0.2,low
fac_046,facebook,0.0,0.0,0.0,0.0,0.0,0.0,0.3,0.0,0.0,0.3,-0.3,low
fac_047,facebook,0.0,1.2,0.0,0.0,0.0,0.0,0.2,0.0,1.2,0.2,1.0,high
fac_048,facebook,0.0,0.0,0.0,0.0,0.0,0.7,0.7,0.0,0.0,1.4,-1.4,low
fac_049,facebook,0.0,0.0,0.0,0.0,0.0,0.7,1.55,0.0,0.0,2.25,-2.25,low
fac_050,facebook,0.0,0.0,0.0,0.0,0.0,0.0,0.8,0.0,0.0,0.8,-0.8,low
fac_051,facebook,0.0,0.0,0.0,0.0,0.8,0.0,0.8,0.0,0.0,1.6,-1.6,low
fac_052,facebook,0.0,0.0,0.0,0.0,0.0,0.7,0.5,0.0,0.0,1.2,-1.2,low
fac_053,facebook,0.0,0.0,0.0,0.0,0.0,0.0,1.0,0.0,0.0,1.0,-1.0,low
fac_054,facebook,1.0,0.0,0.8,0.0,0.0,0.0,0.3,0.0,1.8,0.3,1.5,high
fac_055,facebook,1.0,0.0,1.0,0.0,0.0,0.0,0.6,0.0,2.0,0.6,1.4,high
fac_056,facebook,0.0,0.8,0.0,0.0,0.0,0.0,0.5,0.0,0.8,0.5,0.3,high
fac_057,facebook,0.0,0.0,0.0,0.0,0.0,0.0,0.0,0.0,0.0,0.0,0.0,neutral
fac_058,facebook,0.0,0.6,0.0,0.0,1.7,0.6,0.3,0.8,0.6,3.4,-2.8,low
fac_059,facebook,0.0,0.8,0.0,0.0,0.0,0.0,0.14,0.8,0.8,0.94,-0.14,low
fac_060,facebook,0.0,0.0,0.0,0.0,0.0,0.0,0.0,0.8,0.0,0.8,-0.8,low
fac_061,facebook,0.0,0.0,0.0,0.0,0.0,0.0,0.3,0.8,0.0,1.1,-1.1,low
fac_062,facebook,0.0,0.5,0.0,0.0,0.0,0.0,0.0,0.0,0.5,0.0,0.5,high
fac_063,facebook,0.0,0.0,0.0,0.0,0.0,0.0,0.0,0.0,0.0,0.0,0.0,neutral
fac_064,facebook,0.0,0.0,0.0,0.0,0.0,0.0,0.0,0.0,0.0,0.0,0.0,neutral
fac_065,facebook,0.0,0.0,0.0,0.0,0.0,0.0,0.3,0.0,0.0,0.3,-0.3,low
fac_066,facebook,0.0,0.0,0.0,0.0,0.8,0.0,0.5,0.0,0.0,1.3,-1.3,low
fac_067,facebook,0.0,0.0,0.0,0.0,0.0,0.7,0.7,0.0,0.0,1.4,-1.4,low
fac_068,facebook,0.0,0.0,0.0,0.0,0.0,0.0,0.3,0.0,0.0,0.3,-0.3,low
fac_069,facebook,0.0,0.0,0.0,0.0,0.0,0.7,0.2,0.0,0.0,0.9,-0.9,low
fac_070,facebook,0.0,0.0,0.0,0.0,0.0,0.0,0.3,0.0,0.0,0.3,-0.3,low
fac_071,facebook,0.0,0.0,0.0,0.0,0.0,1.4,0.6,0.0,0.0,2.0,-2.0,low
fac_072,facebook,1.0,0.0,0.0,0.0,0.7,0.6,1.3,0.0,1.0,2.6,-1.6,low
fac_073,facebook,0.0,0.0,0.0,0.0,0.0,0.0,0.5,0.0,0.0,0.5,-0.5,low
fac_074,facebook,0.0,0.0,2.5,0.0,0.0,0.0,0.6,0.0,2.5,0.6,1.9,high
fac_075,facebook,1.0,0.0,1.0,0.0,0.7,0.0,0.3,0.0,2.0,1.0,1.0,high
fac_076,facebook,0.0,0.8,0.0,0.0,0.0,0.0,0.7,0.0,0.8,0.7,0.1,high
fac_077,facebook,0.0,0.8,0.8,0.0,0.0,0.0,1.1,0.0,1.6,1.1,0.5,high
fac_078,facebook,0.0,0.0,0.0,0.0,0.7,0.0,0.7,0.8,0.0,2.2,-2.2,low
fac_079,facebook,0.0,0.0,0.0,1.0,0.0,0.0,0.3,0.0,1.0,0.3,0.7,high
fac_080,facebook,0.0,0.0,0.0,0.0,0.0,0.0,1.5,0.0,0.0,1.5,-1.5,low
fac_081,facebook,0.0,0.0,0.0,0.0,0.0,0.0,0.2,0.0,0.0,0.2,-0.2,low
fac_082,facebook,0.0,0.6,0.0,0.0,0.0,0.0,1.0,0.0,0.6,1.0,-0.4,low
fac_083,facebook,0.0,0.0,0.0,0.0,0.0,0.0,0.3,0.0,0.0,0.3,-0.3,low
fac_084,facebook,0.0,0.0,0.8,0.0,0.0,0.0,0.5,0.0,0.8,0.5,0.3,high
fac_085,facebook,0.0,0.6,0.0,0.0,0.0,0.0,0.7,0.0,0.6,0.7,-0.1,low
fac_086,facebook,0.0,0.0,0.8,0.0,0.0,0.0,0.8,0.0,0.8,0.8,0.0,neutral
fac_087,facebook,0.0,0.0,1.8,0.0,0.0,0.0,0.9,0.0,1.8,0.9,0.9,high
fac_088,facebook,0.0,0.0,0.0,0.0,0.0,0.0,0.0,0.0,0.0,0.0,0.0,neutral
fac_089,facebook,0.0,0.0,0.0,0.0,0.0,0.0,0.0,0.0,0.0,0.0,0.0,neutral
fac_090,facebook,0.0,0.6,0.0,0.0,0.0,0.0,0.3,0.0,0.6,0.3,0.3,high
fac_091,facebook,0.0,0.0,0.0,0.0,0.0,0.0,0.7,0.0,0.0,0.7,-0.7,low
fac_092,facebook,0.0,0.0,0.0,0.0,0.0,0.0,0.6,0.0,0.0,0.6,-0.6,low
fac_093,facebook,0.0,0.0,0.0,0.0,0.0,0.6,1.0,0.0,0.0,1.6,-1.6,low
fac_094,facebook,1.0,0.0,0.0,0.0,0.0,0.0,0.5,0.0,1.0,0.5,0.5,high
fac_095,facebook,0.0,0.0,0.0,0.0,0.0,0.0,0.6,0.0,0.0,0.6,-0.6,low
fac_096,facebook,0.0,0.0,0.9,0.0,0.7,0.0,0.0,0.0,0.9,0.7,0.2,high
fac_097,facebook,0.0,0.0,0.9,0.0,0.0,0.6,0.4,0.0,0.9,1.0,-0.1,low
fac_098,facebook,0.0,0.0,0.0,0.0,0.0,0.0,0.6,0.0,0.0,0.6,-0.6,low
fac_099,facebook,0.0,0.0,0.0,0.0,0.0,0.0,1.0,0.0,0.0,1.0,-1.0,low
fac_100,facebook,0.0,0.0,0.0,0.0,0.0,0.0,0.8,0.0,0.0,0.8,-0.8,low
fac_101,facebook,0.0,0.0,0.0,0.0,0.0,0.0,0.5,0.0,0.0,0.5,-0.5,low
fac_102,facebook,0.0,0.0,0.0,0.0,0.0,0.0,0.3,0.0,0.0,0.3,-0.3,low
fac_103,facebook,0.0,0.0,0.0,0.0,0.0,0.0,0.3,0.0,0.0,0.3,-0.3,low
fac_104,facebook,0.0,0.0,0.0,0.0,0.0,0.0,0.3,0.0,0.0,0.3,-0.3,low
fac_105,facebook,0.0,0.0,0.0,0.0,0.8,0.0,0.5,0.0,0.0,1.3,-1.3,low
fac_106,facebook,0.0,0.0,0.0,0.0,0.7,0.0,0.5,0.0,0.0,1.2,-1.2,low
fac_107,facebook,0.0,0.0,0.0,0.0,0.0,0.0,0.0,0.0,0.0,0.0,0.0,neutral
fac_108,facebook,0.0,0.0,0.0,0.0,0.0,0.0,0.45,0.0,0.0,0.45,-0.45,low
fac_109,facebook,0.0,0.0,0.0,0.0,0.0,0.0,0.45,0.0,0.0,0.45,-0.45,low
fac_110,facebook,0.0,0.0,0.0,0.0,0.0,0.0,1.65,0.0,0.0,1.65,-1.65,low
fac_111,facebook,0.0,0.6,0.0,0.0,0.7,0.5,0.45,0.0,0.6,1.65,-1.05,low
fac_112,facebook,0.0,0.0,0.0,0.0,0.0,0.0,0.45,0.0,0.0,0.45,-0.45,low
fac_113,facebook,0.0,0.0,0.0,1.0,0.0,0.7,0.5,0.0,1.0,1.2,-0.2,low
fac_114,facebook,0.0,0.0,0.0,0.0,0.0,0.0,1.8,0.8,0.0,2.6,-2.6,low
fac_115,facebook,0.0,0.0,0.0,0.0,0.0,0.0,0.9,0.0,0.0,0.9,-0.9,low
fac_116,facebook,0.0,0.8,0.0,0.0,0.0,0.0,1.1,0.0,0.8,1.1,-0.3,low
fac_117,facebook,0.0,0.0,1.8,0.0,0.0,0.0,1.0,0.0,1.8,1.0,0.8,high
fac_118,facebook,0.0,0.0,0.0,0.0,0.0,0.0,0.7,0.0,0.0,0.7,-0.7,low
fac_119,facebook,0.0,0.0,1.0,0.0,0.0,0.7,0.9,0.0,1.0,1.6,-0.6,low
fac_120,facebook,0.0,0.0,0.0,0.0,0.0,0.0,0.7,0.0,0.0,0.7,-0.7,low
fac_121,facebook,0.0,0.0,0.0,0.0,0.0,0.0,1.0,0.0,0.0,1.0,-1.0,low
fac_122,facebook,0.0,0.0,0.0,0.0,0.0,1.05,1.0,0.0,0.0,2.05,-2.05,low
fac_123,facebook,0.0,0.0,0.0,0.0,0.0,0.0,0.0,0.0,0.0,0.0,0.0,neutral
fac_124,facebook,0.0,0.0,0.0,0.0,0.0,0.0,0.0,0.0,0.0,0.0,0.0,neutral
fac_125,facebook,0.0,0.0,1.35,0.0,0.0,0.6,0.9,0.0,1.35,1.5,-0.15,low
fac_126,facebook,0.0,0.0,0.0,0.0,0.0,0.0,0.0,0.0,0.0,0.0,0.0,neutral
fac_127,facebook,0.0,0.0,0.0,0.0,0.0,0.0,0.3,0.0,0.0,0.3,-0.3,low
fac_128,facebook,0.0,0.0,0.0,0.0,0.0,0.0,0.3,0.0,0.0,0.3,-0.3,low
fac_129,facebook,0.0,0.0,0.0,0.0,0.7,0.0,0.9,0.0,0.0,1.6,-1.6,low
fac_130,facebook,0.0,0.6,0.0,0.0,0.0,0.0,1.3,0.0,0.6,1.3,-0.7,low
fac_131,facebook,0.0,0.0,0.0,0.0,0.0,0.0,0.3,0.0,0.0,0.3,-0.3,low
fac_132,facebook,0.0,0.6,0.0,0.0,0.0,0.0,0.0,0.0,0.6,0.0,0.6,high
fac_133,facebook,1.0,0.0,0.0,0.0,0.0,0.0,0.5,0.0,1.0,0.5,0.5,high
fac_134,facebook,0.0,0.0,0.0,0.0,0.0,0.0,0.5,0.0,0.0,0.5,-0.5,low
fac_135,facebook,0.0,0.0,1.0,0.0,0.7,0.0,0.7,0.0,1.0,1.4,-0.4,low
fac_136,facebook,1.2,0.8,0.0,0.0,0.0,0.0,0.6,0.0,2.0,0.6,1.4,high
fac_137,facebook,0.0,0.0,0.0,0.0,0.0,0.0,0.45,0.0,0.0,0.45,-0.45,low
fac_138,facebook,0.0,0.0,0.0,0.0,0.0,0.0,0.3,0.0,0.0,0.3,-0.3,low
fac_139,facebook,0.0,0.0,0.0,0.0,0.0,0.0,0.3,0.8,0.0,1.1,-1.1,low
fac_140,facebook,0.0,0.0,0.0,0.0,0.0,0.0,0.3,0.0,0.0,0.3,-0.3,low
fac_141,facebook,0.0,1.1,0.0,0.0,0.0,0.0,0.0,0.0,1.1,0.0,1.1,high
fac_142,facebook,0.0,0.0,0.0,0.0,0.0,0.0,0.0,0.0,0.0,0.0,0.0,neutral
fac_143,facebook,0.0,0.0,0.0,0.0,0.0,0.0,0.6,0.0,0.0,0.6,-0.6,low
fac_144,facebook,0.0,0.8,0.8,0.0,0.0,0.0,0.6,0.0,1.6,0.6,1.0,high
fac_145,facebook,0.0,0.0,0.0,0.0,0.0,0.0,0.0,0.0,0.0,0.0,0.0,neutral
fac_146,facebook,0.0,0.0,0.0,0.0,0.0,0.7,1.9,0.0,0.0,2.6,-2.6,low
fac_147,facebook,0.0,0.8,0.0,0.0,0.0,0.0,0.0,0.0,0.8,0.0,0.8,high
fac_148,facebook,0.0,0.0,0.0,0.0,0.0,0.0,0.2,0.0,0.0,0.2,-0.2,low
fac_149,facebook,0.0,0.0,0.0,0.0,0.0,0.0,0.0,0.0,0.0,0.0,0.0,neutral
fac_150,facebook,0.0,0.0,0.0,0.0,0.0,0.0,0.3,0.0,0.0,0.3,-0.3,low
fac_151,facebook,0.0,0.0,0.0,0.0,0.0,0.0,0.65,0.0,0.0,0.65,-0.65,low
fac_152,facebook,0.0,0.0,0.0,0.0,0.0,0.0,0.3,0.0,0.0,0.3,-0.3,low
fac_153,facebook,1.0,0.0,1.9,0.0,0.0,0.0,0.6,0.0,2.9,0.6,2.3,high
fac_154,facebook,0.0,0.0,0.0,0.0,0.0,0.0,0.5,0.0,0.0,0.5,-0.5,low
fac_155,facebook,0.0,0.0,0.0,0.0,0.0,0.0,0.5,0.0,0.0,0.5,-0.5,low
fac_156,facebook,0.0,0.0,0.9,0.0,0.0,0.0,0.3,0.0,0.9,0.3,0.6,high
fac_157,facebook,0.0,1.4,0.0,0.0,0.0,0.0,0.3,0.0,1.4,0.3,1.1,high
fac_158,facebook,0.0,0.6,0.0,0.0,0.0,0.0,0.6,0.0,0.6,0.6,0.0,neutral
fac_159,facebook,0.0,0.0,0.0,0.0,0.0,0.0,0.0,0.0,0.0,0.0,0.0,neutral
fac_160,facebook,0.0,0.0,0.0,0.0,0.0,0.0,0.6,0.0,0.0,0.6,-0.6,low
fac_161,facebook,0.0,0.0,0.0,0.0,0.0,0.0,0.0,0.0,0.0,0.0,0.0,neutral
fac_162,facebook,0.0,0.0,0.0,0.0,0.0,0.0,0.0,0.0,0.0,0.0,0.0,neutral
fac_163,facebook,0.0,0.0,0.0,0.0,0.0,0.0,0.3,0.0,0.0,0.3,-0.3,low
fac_164,facebook,0.0,0.0,0.0,0.0,0.7,0.0,0.0,0.0,0.0,0.7,-0.7,low
fac_165,facebook,0.0,0.0,0.0,0.0,0.0,0.0,1.05,0.0,0.0,1.05,-1.05,low
fac_166,facebook,0.8,0.6,0.0,0.0,2.13,1.1,0.3,0.0,1.4,3.53,-2.13,low
fac_167,facebook,0.0,0.0,0.0,0.0,0.0,0.0,1.2,0.0,0.0,1.2,-1.2,low
fac_168,facebook,0.0,0.6,0.0,0.0,0.8,0.0,0.8,0.0,0.6,1.6,-1.0,low
fac_169,facebook,0.0,0.6,0.0,0.0,1.6,0.0,1.1,0.0,0.6,2.7,-2.1,low
fac_170,facebook,0.0,0.0,0.0,0.0,0.0,0.7,1.4,0.0,0.0,2.1,-2.1,low
fac_171,facebook,0.0,0.0,0.0,0.0,0.0,0.0,1.5,0.0,0.0,1.5,-1.5,low
fac_172,facebook,0.0,0.0,0.0,0.0,0.0,0.0,0.8,0.0,0.0,0.8,-0.8,low
fac_173,facebook,0.0,0.0,0.0,0.0,0.0,1.05,0.2,0.0,0.0,1.25,-1.25,low
fac_174,facebook,0.0,0.0,0.0,0.0,0.0,0.0,0.2,0.0,0.0,0.2,-0.2,low
fac_175,facebook,0.0,0.0,0.0,0.0,0.0,0.0,0.5,0.0,0.0,0.5,-0.5,low
fac_176,facebook,0.0,0.0,0.0,0.0,0.0,0.7,0.4,0.0,0.0,1.1,-1.1,low
fac_177,facebook,0.0,0.0,0.0,0.0,0.0,0.0,0.5,0.0,0.0,0.5,-0.5,low
fac_178,facebook,0.0,0.0,0.0,0.0,0.0,0.0,0.0,0.0,0.0,0.0,0.0,neutral
fac_179,facebook,0.0,0.0,0.0,0.0,0.0,0.0,0.3,0.0,0.0,0.3,-0.3,low
fac_180,facebook,0.0,0.5,0.0,0.0,0.0,0.9,0.8,0.0,0.5,1.7,-1.2,low
fac_181,facebook,0.9,0.0,0.0,0.0,0.0,0.0,0.3,0.0,0.9,0.3,0.6,high
fac_182,facebook,0.0,0.0,0.0,0.0,0.7,0.0,0.5,0.0,0.0,1.2,-1.2,low
fac_183,facebook,1.0,0.0,0.0,0.0,0.0,0.0,0.3,0.0,1.0,0.3,0.7,high
fac_184,facebook,0.0,0.0,0.0,0.0,0.0,0.0,0.3,0.0,0.0,0.3,-0.3,low
fac_185,facebook,0.0,0.0,0.0,0.0,0.0,0.0,0.0,0.0,0.0,0.0,0.0,neutral
fac_186,facebook,0.0,0.0,0.0,0.0,0.0,0.0,0.0,0.0,0.0,0.0,0.0,neutral
fac_187,facebook,0.0,0.6,0.0,0.0,0.0,0.0,0.2,0.0,0.6,0.2,0.4,high
fac_188,facebook,0.0,0.0,0.0,0.0,0.0,0.0,0.0,0.0,0.0,0.0,0.0,neutral
fac_189,facebook,0.0,0.0,0.0,0.0,0.0,0.0,0.0,0.0,0.0,0.0,0.0,neutral
fac_190,facebook,0.0,0.0,0.0,0.0,0.0,0.0,0.3,0.0,0.0,0.3,-0.3,low
fac_191,facebook,0.0,0.0,0.0,0.0,0.0,0.7,0.9,0.0,0.0,1.6,-1.6,low
fac_192,facebook,0.0,0.0,0.0,0.0,0.0,0.0,0.3,0.0,0.0,0.3,-0.3,low
fac_193,facebook,0.0,0.0,0.0,0.0,0.0,0.0,0.7,0.0,0.0,0.7,-0.7,low
fac_194,facebook,0.0,0.0,0.0,0.0,0.0,0.0,1.3,0.0,0.0,1.3,-1.3,low
fac_195,facebook,0.0,0.0,0.0,0.0,0.0,0.0,0.0,0.0,0.0,0.0,0.0,neutral
fac_196,facebook,0.0,0.0,0.0,0.0,0.0,0.0,0.2,0.0,0.0,0.2,-0.2,low
fac_197,facebook,0.0,0.6,0.0,0.0,0.0,0.0,0.6,0.0,0.6,0.6,0.0,neutral
fac_198,facebook,0.0,0.0,0.0,0.0,0.0,0.0,0.6,0.0,0.0,0.6,-0.6,low
fac_199,facebook,0.0,0.0,0.0,0.0,1.5,0.0,0.3,0.0,0.0,1.8,-1.8,low
fac_200,facebook,0.0,0.0,0.0,0.0,0.7,0.0,0.65,0.8,0.0,2.15,-2.15,low
fac_201,facebook,0.0,0.0,0.0,0.0,0.0,0.0,0.0,0.0,0.0,0.0,0.0,neutral
fac_202,facebook,0.0,0.0,0.0,0.0,0.0,0.0,1.8,0.0,0.0,1.8,-1.8,low
fac_203,facebook,0.0,0.8,0.0,0.0,0.0,0.0,0.0,0.0,0.8,0.0,0.8,high
fac_204,facebook,0.0,0.0,0.0,0.0,0.0,0.0,0.0,0.0,0.0,0.0,0.0,neutral
fac_205,facebook,0.0,0.0,1.35,0.0,0.0,0.9,0.0,0.0,1.35,0.9,0.45,high
fac_206,facebook,0.0,0.0,0.9,0.0,0.7,0.0,0.3,0.0,0.9,1.0,-0.1,low
fac_207,facebook,0.0,0.0,0.0,0.0,0.0,0.0,0.3,0.0,0.0,0.3,-0.3,low
fac_208,facebook,0.0,0.6,0.0,0.0,0.0,0.0,0.3,0.0,0.6,0.3,0.3,high
fac_209,facebook,0.0,0.0,0.0,0.0,0.7,0.0,0.0,0.0,0.0,0.7,-0.7,low
fac_210,facebook,1.0,0.0,0.0,0.0,0.0,0.0,0.65,0.0,1.0,0.65,0.35,high
fac_211,facebook,0.0,0.0,0.0,0.0,0.0,0.0,1.3,0.0,0.0,1.3,-1.3,low
fac_212,facebook,0.0,0.0,0.0,0.0,0.0,0.0,0.6,0.0,0.0,0.6,-0.6,low
fac_213,facebook,0.0,0.8,0.0,0.0,0.0,0.0,0.7,0.0,0.8,0.7,0.1,high
fac_214,facebook,0.0,0.0,0.0,0.0,0.0,0.7,1.0,0.0,0.0,1.7,-1.7,low
fac_215,facebook,0.0,0.0,0.0,0.0,0.0,0.7,1.5,0.0,0.0,2.2,-2.2,low
fac_216,facebook,0.0,0.0,0.0,0.0,0.9,0.0,0.9,0.0,0.0,1.8,-1.8,low
fac_217,facebook,0.0,0.0,0.0,0.0,0.0,0.0,1.4,0.0,0.0,1.4,-1.4,low
fac_218,facebook,0.0,0.0,0.0,0.0,0.7,0.0,0.45,0.0,0.0,1.15,-1.15,low
fac_219,facebook,0.0,1.2,0.0,0.0,0.0,0.0,0.8,0.0,1.2,0.8,0.4,high
fac_220,facebook,1.0,0.0,0.0,0.0,0.8,0.0,0.9,0.0,1.0,1.7,-0.7,low
fac_221,facebook,0.0,0.0,0.0,0.0,0.0,0.0,0.0,0.0,0.0,0.0,0.0,neutral
fac_222,facebook,0.0,0.0,0.0,0.0,0.0,0.0,0.2,0.0,0.0,0.2,-0.2,low
fac_223,facebook,0.0,0.0,0.0,0.0,0.0,0.0,0.0,0.0,0.0,0.0,0.0,neutral
fac_224,facebook,0.0,0.0,0.0,0.0,0.0,0.0,0.2,0.0,0.0,0.2,-0.2,low
fac_225,facebook,0.0,0.0,0.0,0.0,0.0,0.0,1.65,0.0,0.0,1.65,-1.65,low
fac_226,facebook,0.0,0.0,0.0,0.0,0.0,0.0,0.3,0.0,0.0,0.3,-0.3,low
fac_227,facebook,0.0,0.0,0.0,0.0,0.0,0.0,0.5,0.0,0.0,0.5,-0.5,low
fac_228,facebook,0.0,0.6,0.0,0.0,0.0,0.0,0.3,0.8,0.6,1.1,-0.5,low
fac_229,facebook,0.0,0.6,1.0,0.0,0.0,0.0,0.3,0.0,1.6,0.3,1.3,high
fac_230,facebook,0.0,1.1,0.0,0.0,0.0,0.0,0.3,0.0,1.1,0.3,0.8,high
fac_231,facebook,0.0,0.0,0.0,0.0,0.0,0.0,0.2,0.0,0.0,0.2,-0.2,low
fac_232,facebook,0.0,0.0,0.0,0.0,0.8,0.0,1.4,0.0,0.0,2.2,-2.2,low
fac_233,facebook,0.0,0.0,0.0,0.0,0.0,0.0,0.2,0.0,0.0,0.2,-0.2,low
fac_234,facebook,0.0,0.0,0.0,0.0,1.5,0.0,0.8,0.0,0.0,2.3,-2.3,low
fac_235,facebook,0.0,0.0,0.0,0.0,0.0,0.0,0.6,0.0,0.0,0.6,-0.6,low
fac_236,facebook,0.0,0.0,0.0,0.0,0.0,0.6,0.5,0.0,0.0,1.1,-1.1,low
fac_237,facebook,0.0,1.4,0.0,0.0,0.0,0.6,1.1,0.0,1.4,1.7,-0.3,low
fac_238,facebook,0.0,0.0,0.0,0.0,0.0,0.0,0.3,0.0,0.0,0.3,-0.3,low
fac_239,facebook,0.0,0.0,0.0,0.0,0.0,0.0,0.5,0.0,0.0,0.5,-0.5,low
fac_240,facebook,0.0,0.6,0.0,0.0,0.7,0.5,0.5,0.0,0.6,1.7,-1.1,low
fac_241,facebook,0.0,0.0,0.0,0.0,0.0,0.0,1.0,0.8,0.0,1.8,-1.8,low
fac_242,facebook,0.0,0.0,0.0,0.0,0.0,0.0,0.5,0.0,0.0,0.5,-0.5,low
fac_243,facebook,0.0,0.6,0.0,0.0,0.0,0.0,0.6,0.8,0.6,1.4,-0.8,low
fac_244,facebook,0.0,0.0,0.0,0.0,0.0,0.0,0.3,0.0,0.0,0.3,-0.3,low
fac_245,facebook,0.0,0.0,0.0,0.0,0.0,0.0,0.3,0.0,0.0,0.3,-0.3,low
fac_246,facebook,0.0,0.0,0.0,0.0,0.0,0.0,0.6,0.0,0.0,0.6,-0.6,low
fac_247,facebook,0.0,0.0,0.0,0.0,0.0,0.0,0.8,0.0,0.0,0.8,-0.8,low
fac_248,facebook,0.0,0.0,0.0,0.0,0.7,0.0,0.6,0.0,0.0,1.3,-1.3,low
fac_249,facebook,0.0,0.0,0.0,0.0,0.0,0.0,1.15,0.0,0.0,1.15,-1.15,low
fac_250,facebook,0.0,0.0,0.0,0.0,0.0,0.0,0.5,0.0,0.0,0.5,-0.5,low
fac_251,facebook,0.0,0.8,0.0,0.0,0.8,0.0,1.5,0.0,0.8,2.3,-1.5,low
fac_252,facebook,0.0,0.0,0.0,0.0,0.0,0.0,1.1,0.0,0.0,1.1,-1.1,low
fac_253,facebook,0.0,0.0,0.0,0.0,0.0,0.0,0.8,0.0,0.0,0.8,-0.8,low
fac_254,facebook,0.0,0.0,0.0,0.0,0.0,0.0,0.5,0.0,0.0,0.5,-0.5,low
fac_255,facebook,0.0,0.0,0.0,0.0,0.7,0.0,0.7,0.0,0.0,1.4,-1.4,low
fac_256,facebook,0.0,0.0,0.0,0.0,0.0,0.0,0.2,0.0,0.0,0.2,-0.2,low
fac_257,facebook,0.0,0.0,0.0,0.0,0.0,0.6,0.9,0.0,0.0,1.5,-1.5,low
fac_258,facebook,0.0,0.0,0.0,0.0,0.0,0.0,0.6,0.0,0.0,0.6,-0.6,low
fac_259,facebook,0.0,0.0,0.0,0.0,0.0,0.0,1.1,0.0,0.0,1.1,-1.1,low
fac_260,facebook,0.0,0.0,1.0,0.0,0.7,0.0,0.2,0.0,1.0,0.9,0.1,high
fac_261,facebook,0.0,0.0,1.0,0.0,0.0,0.0,0.3,0.0,1.0,0.3,0.7,high
fac_262,facebook,0.0,0.0,0.0,0.0,0.0,0.0,0.0,0.0,0.0,0.0,0.0,neutral
fac_263,facebook,0.0,0.0,0.0,0.0,0.0,0.0,0.5,0.0,0.0,0.5,-0.5,low
fac_264,facebook,0.0,0.0,0.0,0.0,0.7,0.0,1.0,0.0,0.0,1.7,-1.7,low
fac_265,facebook,0.0,0.0,0.0,0.0,0.0,0.0,0.5,0.0,0.0,0.5,-0.5,low
fac_266,facebook,0.0,0.0,0.0,0.0,0.0,0.0,0.3,0.0,0.0,0.3,-0.3,low
fac_267,facebook,0.0,0.0,0.0,0.0,0.0,0.0,0.0,0.0,0.0,0.0,0.0,neutral
fac_268,facebook,0.0,0.6,0.0,0.0,0.0,0.0,0.5,0.0,0.6,0.5,0.1,high
fac_269,facebook,0.0,0.0,0.0,0.0,0.0,0.0,2.15,0.0,0.0,2.15,-2.15,low
fac_270,facebook,0.0,0.0,0.0,0.0,0.0,0.0,0.6,0.0,0.0,0.6,-0.6,low
fac_271,facebook,0.0,0.0,0.0,0.0,0.0,0.0,0.6,0.0,0.0,0.6,-0.6,low
fac_272,facebook,0.0,0.0,0.0,0.0,0.0,0.0,1.2,0.0,0.0,1.2,-1.2,low
fac_273,facebook,0.0,0.0,0.9,0.0,0.0,0.0,0.0,0.0,0.9,0.0,0.9,high
fac_274,facebook,0.0,0.0,0.0,0.0,0.0,0.0,0.5,0.0,0.0,0.5,-0.5,low
fac_275,facebook,0.0,0.0,0.0,0.0,0.0,0.0,0.3,0.0,0.0,0.3,-0.3,low
fac_276,facebook,0.0,0.0,0.0,0.0,0.0,0.0,0.3,0.0,0.0,0.3,-0.3,low
fac_277,facebook,0.0,0.0,0.0,0.0,0.0,0.6,0.8,0.0,0.0,1.4,-1.4,low
fac_278,facebook,0.0,0.0,0.0,0.0,0.0,0.6,0.2,0.0,0.0,0.8,-0.8,low
fac_279,facebook,0.0,0.0,0.8,0.0,0.0,0.0,0.0,0.0,0.8,0.0,0.8,high
fac_280,facebook,0.0,0.0,0.0,0.0,0.0,0.0,0.7,0.0,0.0,0.7,-0.7,low
fac_281,facebook,0.0,0.0,0.0,0.0,0.0,0.0,0.0,0.0,0.0,0.0,0.0,neutral
fac_282,facebook,0.0,0.0,1.0,0.0,0.0,0.0,0.3,0.0,1.0,0.3,0.7,high
fac_283,facebook,0.0,0.0,0.0,0.0,0.7,0.0,0.95,0.0,0.0,1.65,-1.65,low
fac_284,facebook,0.0,0.0,0.0,0.0,0.0,0.0,0.3,0.0,0.0,0.3,-0.3,low
fac_285,facebook,0.0,0.0,0.0,0.0,0.0,0.0,0.0,0.0,0.0,0.0,0.0,neutral
fac_286,facebook,0.0,0.6,0.0,0.0,0.0,0.0,0.0,0.0,0.6,0.0,0.6,high
fac_287,facebook,0.0,0.6,0.0,0.0,0.0,0.0,0.0,0.0,0.6,0.0,0.6,high
fac_288,facebook,0.0,0.6,0.0,0.0,0.0,0.0,0.0,0.0,0.6,0.0,0.6,high
fac_289,facebook,1.0,0.0,0.0,0.0,0.0,0.0,1.2,0.8,1.0,2.0,-1.0,low
fac_290,facebook,1.0,0.0,1.0,0.0,0.0,0.0,0.8,0.0,2.0,0.8,1.2,high
fac_291,facebook,0.0,0.0,0.0,0.0,0.0,0.0,0.0,0.0,0.0,0.0,0.0,neutral
fac_292,facebook,0.0,0.0,0.9,0.0,0.0,0.0,0.7,0.0,0.9,0.7,0.2,high
fac_293,facebook,0.0,0.0,0.0,0.0,0.0,0.0,1.3,0.0,0.0,1.3,-1.3,low
fac_294,facebook,0.0,0.0,0.0,0.0,0.0,0.0,0.0,0.0,0.0,0.0,0.0,neutral
fac_295,facebook,0.0,0.0,0.0,0.0,0.0,0.0,0.0,0.0,0.0,0.0,0.0,neutral
fac_296,facebook,0.0,0.0,0.0,0.0,0.0,0.0,0.2,0.0,0.0,0.2,-0.2,low
fac_297,facebook,0.0,0.0,0.0,0.0,0.0,0.0,0.7,0.0,0.0,0.7,-0.7,low
fac_298,facebook,0.0,0.0,0.0,0.0,0.0,0.0,0.2,0.0,0.0,0.2,-0.2,low
fac_299,facebook,0.0,0.0,0.0,0.0,0.0,0.0,1.45,0.0,0.0,1.45,-1.45,low
fac_300,facebook,0.0,0.0,0.0,0.0,0.0,0.0,1.3,0.0,0.0,1.3,-1.3,low
fac_301,facebook,0.0,0.0,0.9,0.0,0.0,0.0,0.8,0.0,0.9,0.8,0.1,high
fac_302,facebook,0.0,0.0,0.0,0.0,0.0,0.7,1.2,0.0,0.0,1.9,-1.9,low
fac_303,facebook,0.0,0.0,0.0,0.0,0.0,0.0,1.2,0.0,0.0,1.2,-1.2,low
fac_304,facebook,0.0,0.0,0.0,0.0,0.0,0.0,0.0,0.0,0.0,0.0,0.0,neutral
fac_305,facebook,0.0,0.0,0.0,0.0,0.0,0.0,0.3,0.0,0.0,0.3,-0.3,low
fac_306,facebook,0.0,0.0,0.0,0.0,0.0,0.0,0.3,0.0,0.0,0.3,-0.3,low
fac_307,facebook,0.0,0.0,0.0,0.0,0.0,0.0,0.3,0.0,0.0,0.3,-0.3,low
fac_308,facebook,0.0,0.0,0.0,0.0,0.0,0.0,0.0,0.0,0.0,0.0,0.0,neutral
fac_309,facebook,0.0,0.0,0.0,0.0,0.0,0.0,0.3,0.0,0.0,0.3,-0.3,low
fac_310,facebook,1.0,0.0,0.0,0.0,0.0,0.0,0.3,0.0,1.0,0.3,0.7,high
fac_311,facebook,0.0,0.0,0.0,0.0,0.0,0.0,0.3,0.0,0.0,0.3,-0.3,low
fac_312,facebook,0.9,0.0,0.0,0.0,0.0,0.0,1.2,0.0,0.9,1.2,-0.3,low
fac_313,facebook,0.0,0.0,0.0,0.0,0.0,0.0,0.0,0.0,0.0,0.0,0.0,neutral
fac_314,facebook,0.0,0.0,0.0,0.0,0.0,0.0,0.0,0.0,0.0,0.0,0.0,neutral
fac_315,facebook,0.0,0.0,0.0,0.0,0.0,0.0,0.5,0.0,0.0,0.5,-0.5,low
fac_316,facebook,0.0,0.0,0.0,0.0,0.0,0.9,0.5,0.0,0.0,1.4,-1.4,low
fac_317,facebook,0.0,0.0,0.0,0.0,0.0,0.0,0.5,0.0,0.0,0.5,-0.5,low
fac_318,facebook,0.0,0.0,0.0,0.0,0.0,0.6,0.8,0.0,0.0,1.4,-1.4,low
fac_319,facebook,0.0,0.0,0.0,0.0,0.0,0.0,0.0,0.8,0.0,0.8,-0.8,low
fac_320,facebook,0.0,0.0,0.0,0.0,0.0,0.0,0.6,0.0,0.0,0.6,-0.6,low
fac_321,facebook,0.0,0.6,0.0,0.0,0.0,0.0,0.5,0.0,0.6,0.5,0.1,high
fac_322,facebook,0.0,0.0,0.0,0.0,0.0,0.0,0.0,0.0,0.0,0.0,0.0,neutral
fac_323,facebook,0.0,0.5,0.0,0.0,0.0,0.0,0.2,0.0,0.5,0.2,0.3,high
fac_324,facebook,0.0,0.6,0.0,0.0,0.0,0.0,0.2,0.0,0.6,0.2,0.4,high
fac_325,facebook,0.0,0.0,0.0,0.0,0.0,0.0,0.0,0.0,0.0,0.0,0.0,neutral
fac_326,facebook,0.0,0.5,0.0,0.0,0.0,0.0,0.0,0.0,0.5,0.0,0.5,high
fac_327,facebook,0.0,0.0,0.0,0.0,0.0,0.0,0.0,0.0,0.0,0.0,0.0,neutral
fac_328,facebook,0.0,0.0,0.0,0.0,0.0,0.0,0.3,0.0,0.0,0.3,-0.3,low
fac_329,facebook,0.0,0.8,0.0,0.0,0.0,0.0,0.0,0.0,0.8,0.0,0.8,high
fac_330,facebook,0.0,0.0,0.0,0.0,0.0,0.0,0.5,0.0,0.0,0.5,-0.5,low
fac_331,facebook,0.0,0.0,0.0,0.0,0.0,0.0,0.3,0.0,0.0,0.3,-0.3,low
fac_332,facebook,0.0,0.0,0.0,0.0,0.0,0.0,0.6,0.0,0.0,0.6,-0.6,low
fac_333,facebook,0.0,0.0,0.0,0.0,0.7,0.0,1.3,0.0,0.0,2.0,-2.0,low
fac_334,facebook,0.0,0.0,0.0,0.0,0.0,0.0,0.6,0.0,0.0,0.6,-0.6,low
fac_335,facebook,0.0,0.6,0.0,0.0,0.0,0.0,0.6,0.0,0.6,0.6,0.0,neutral
fac_336,facebook,0.0,0.0,0.0,0.0,0.0,0.0,1.0,0.0,0.0,1.0,-1.0,low
fac_337,facebook,0.0,0.0,1.0,0.0,0.7,0.0,0.8,0.0,1.0,1.5,-0.5,low
fac_338,facebook,0.0,0.0,0.9,0.0,0.0,0.0,0.3,0.0,0.9,0.3,0.6,high
fac_339,facebook,0.0,0.0,0.0,0.0,0.0,0.0,0.6,0.0,0.0,0.6,-0.6,low
fac_340,facebook,0.0,0.0,0.0,0.0,0.0,0.0,0.0,0.0,0.0,0.0,0.0,neutral
fac_341,facebook,0.0,0.0,0.0,0.0,0.0,0.0,0.0,0.0,0.0,0.0,0.0,neutral
fac_342,facebook,0.0,0.0,0.0,0.0,0.0,0.0,0.8,0.0,0.0,0.8,-0.8,low
fac_343,facebook,0.0,0.0,0.0,0.0,0.7,0.0,0.9,0.0,0.0,1.6,-1.6,low
fac_344,facebook,0.0,0.0,0.0,0.0,0.0,0.0,0.7,0.0,0.0,0.7,-0.7,low
fac_345,facebook,0.0,0.0,0.0,0.0,0.7,0.0,1.1,0.0,0.0,1.8,-1.8,low
fac_346,facebook,0.0,0.0,0.0,0.0,0.0,0.0,0.9,0.0,0.0,0.9,-0.9,low
fac_347,facebook,0.0,0.0,0.0,0.0,0.0,0.0,1.0,0.0,0.0,1.0,-1.0,low
fac_348,facebook,0.0,0.0,0.0,0.0,0.0,0.0,0.2,0.0,0.0,0.2,-0.2,low
fac_349,facebook,0.0,0.0,0.0,0.0,0.0,0.0,0.3,0.0,0.0,0.3,-0.3,low
fac_350,facebook,0.0,0.0,0.0,0.0,0.0,0.0,0.3,0.0,0.0,0.3,-0.3,low
fac_351,facebook,0.0,0.0,0.0,0.0,0.0,0.0,0.5,0.8,0.0,1.3,-1.3,low
fac_352,facebook,0.0,0.0,0.0,0.0,0.0,0.0,0.5,0.0,0.0,0.5,-0.5,low
fac_353,facebook,0.0,0.0,0.0,1.0,0.0,0.0,0.3,0.0,1.0,0.3,0.7,high
fac_354,facebook,1.0,0.0,1.9,0.0,0.0,0.0,0.3,0.0,2.9,0.3,2.6,high
fac_355,facebook,0.0,0.0,0.9,0.0,0.0,0.0,0.5,0.0,0.9,0.5,0.4,high
fac_356,facebook,0.0,0.0,0.0,0.0,0.0,0.0,0.3,0.0,0.0,0.3,-0.3,low
fac_357,facebook,0.0,0.0,0.0,0.0,0.0,0.0,0.8,0.0,0.0,0.8,-0.8,low
fac_358,facebook,0.0,0.9,0.0,0.0,0.0,0.0,0.6,0.0,0.9,0.6,0.3,high
fac_359,facebook,0.0,0.0,0.0,0.0,0.0,0.0,0.75,0.0,0.0,0.75,-0.75,low
fac_360,facebook,0.0,0.0,0.0,0.0,0.0,0.0,0.0,0.0,0.0,0.0,0.0,neutral
fac_361,facebook,0.0,0.0,0.0,0.0,0.0,0.0,0.3,0.0,0.0,0.3,-0.3,low
fac_362,facebook,0.0,0.0,0.0,0.0,0.0,0.0,0.4,0.0,0.0,0.4,-0.4,low
fac_363,facebook,0.0,0.0,0.0,0.0,0.0,0.0,0.5,0.0,0.0,0.5,-0.5,low
fac_364,facebook,0.0,0.0,0.0,0.0,0.0,0.6,0.2,0.0,0.0,0.8,-0.8,low
fac_365,facebook,0.0,0.0,0.0,0.0,0.0,0.0,0.6,0.0,0.0,0.6,-0.6,low
fac_366,facebook,0.0,0.6,0.0,0.0,0.0,0.6,1.1,0.0,0.6,1.7,-1.1,low
fac_367,facebook,0.0,0.0,0.0,0.0,0.0,0.0,0.0,0.0,0.0,0.0,0.0,neutral
fac_368,facebook,0.8,0.0,0.0,0.0,0.0,0.0,0.0,0.0,0.8,0.0,0.8,high
fac_369,facebook,0.0,0.0,0.0,0.0,0.0,0.0,1.2,0.0,0.0,1.2,-1.2,low
fac_370,facebook,0.0,0.0,0.0,0.0,0.0,0.0,0.9,0.0,0.0,0.9,-0.9,low
fac_371,facebook,0.0,0.0,0.0,0.0,0.9,0.0,0.9,0.0,0.0,1.8,-1.8,low
fac_372,facebook,0.0,0.0,0.0,0.0,0.0,0.0,0.7,0.0,0.0,0.7,-0.7,low
fac_373,facebook,0.0,0.0,0.0,0.0,0.0,0.0,1.1,0.0,0.0,1.1,-1.1,low
fac_374,facebook,0.0,0.0,0.0,0.0,0.8,0.0,1.35,0.0,0.0,2.15,-2.15,low
fac_375,facebook,0.0,0.0,0.9,0.0,0.0,1.05,1.0,0.0,0.9,2.05,-1.15,low
fac_376,facebook,0.0,0.0,0.0,0.0,0.0,0.0,0.3,0.0,0.0,0.3,-0.3,low
fac_377,facebook,0.0,0.0,0.0,0.0,0.0,0.0,1.45,0.0,0.0,1.45,-1.45,low
fac_378,facebook,0.0,0.0,0.0,0.0,0.0,0.0,0.8,0.0,0.0,0.8,-0.8,low
fac_379,facebook,0.0,0.8,0.0,0.0,0.0,0.0,0.7,0.0,0.8,0.7,0.1,high
fac_380,facebook,0.0,0.0,0.0,0.0,0.0,0.0,0.3,0.0,0.0,0.3,-0.3,low
fac_381,facebook,0.0,0.8,1.0,0.0,0.0,0.75,0.7,0.0,1.8,1.45,0.35,high
fac_382,facebook,0.0,0.0,0.0,0.0,0.0,0.0,0.2,0.0,0.0,0.2,-0.2,low
fac_383,facebook,0.0,0.0,0.0,0.0,0.8,0.0,0.5,0.0,0.0,1.3,-1.3,low
fac_384,facebook,0.0,0.0,0.0,0.0,0.0,0.0,0.5,0.0,0.0,0.5,-0.5,low
fac_385,facebook,0.0,0.0,0.0,0.0,0.0,0.0,1.0,0.0,0.0,1.0,-1.0,low
fac_386,facebook,0.0,1.2,0.0,0.0,0.0,0.0,0.0,0.0,1.2,0.0,1.2,high
fac_387,facebook,0.0,0.0,0.0,0.0,0.0,0.0,0.6,0.8,0.0,1.4,-1.4,low
fac_388,facebook,0.0,0.0,0.0,0.0,0.0,0.0,0.2,0.0,0.0,0.2,-0.2,low
fac_389,facebook,0.0,0.0,0.9,0.0,0.0,0.0,0.4,0.0,0.9,0.4,0.5,high
fac_390,facebook,0.0,0.0,0.0,0.0,0.0,0.6,0.5,0.0,0.0,1.1,-1.1,low
fac_391,facebook,0.0,0.0,0.0,0.0,0.0,0.0,0.0,0.0,0.0,0.0,0.0,neutral
fac_392,facebook,0.0,0.6,0.0,0.0,0.0,0.0,0.3,0.0,0.6,0.3,0.3,high
fac_393,facebook,0.0,0.0,0.0,0.0,0.0,0.0,0.3,0.0,0.0,0.3,-0.3,low
fac_394,facebook,0.0,0.0,0.0,0.0,0.0,0.6,0.0,0.0,0.0,0.6,-0.6,low
fac_395,facebook,0.0,0.0,0.0,0.0,0.0,0.0,0.3,0.0,0.0,0.3,-0.3,low
fac_396,facebook,0.0,0.0,0.0,0.0,0.0,0.0,0.0,0.0,0.0,0.0,0.0,neutral
fac_397,facebook,0.0,0.0,0.0,0.0,0.7,0.5,0.9,0.8,0.0,2.9,-2.9,low
fac_398,facebook,0.0,0.0,0.0,0.0,0.0,0.0,0.3,0.0,0.0,0.3,-0.3,low
fac_399,facebook,0.0,0.8,0.0,0.0,0.0,0.0,0.3,0.0,0.8,0.3,0.5,high
fac_400,facebook,0.0,0.0,0.0,0.0,0.0,0.6,0.3,0.0,0.0,0.9,-0.9,low
fac_401,facebook,0.0,0.6,0.0,0.0,0.0,0.6,0.3,0.0,0.6,0.9,-0.3,low
fac_402,facebook,0.0,0.0,0.0,0.0,0.0,0.6,0.0,0.0,0.0,0.6,-0.6,low
fac_403,facebook,0.0,0.0,0.0,0.0,0.0,0.0,0.2,0.0,0.0,0.2,-0.2,low
fac_404,facebook,0.0,0.0,0.0,0.0,0.7,0.0,0.2,0.0,0.0,0.9,-0.9,low
fac_405,facebook,0.0,0.0,0.9,0.0,0.0,0.0,0.0,0.0,0.9,0.0,0.9,high
fac_406,facebook,0.0,0.0,0.9,0.0,0.0,0.0,0.3,0.0,0.9,0.3,0.6,high
fac_407,facebook,0.0,0.0,0.0,0.0,0.0,0.0,0.0,0.0,0.0,0.0,0.0,neutral
fac_408,facebook,0.0,0.0,0.0,0.0,0.0,0.0,0.0,0.0,0.0,0.0,0.0,neutral
fac_409,facebook,0.0,0.0,0.0,0.0,0.0,0.0,0.2,0.0,0.0,0.2,-0.2,low
fac_410,facebook,0.0,0.6,0.0,0.0,0.0,0.0,0.0,0.0,0.6,0.0,0.6,high
fac_411,facebook,0.0,0.0,0.0,0.0,0.0,0.0,0.0,0.0,0.0,0.0,0.0,neutral
fac_412,facebook,0.0,0.0,0.0,0.0,0.0,0.0,0.0,0.0,0.0,0.0,0.0,neutral
fac_413,facebook,0.0,0.8,0.0,0.0,0.7,0.0,0.3,0.0,0.8,1.0,-0.2,low
fac_414,facebook,0.0,0.0,0.0,0.0,0.7,0.0,0.6,0.0,0.0,1.3,-1.3,low
fac_415,facebook,0.0,0.0,0.0,0.0,0.0,0.0,0.0,0.0,0.0,0.0,0.0,neutral
fac_416,facebook,1.0,0.0,1.0,0.0,0.7,0.0,0.3,0.0,2.0,1.0,1.0,high
fac_417,facebook,0.0,0.0,0.0,0.0,0.7,0.0,1.1,0.0,0.0,1.8,-1.8,low
fac_418,facebook,0.0,0.0,0.0,0.0,0.7,0.0,1.1,0.0,0.0,1.8,-1.8,low
fac_419,facebook,0.0,0.0,0.0,0.0,0.0,0.0,0.3,0.0,0.0,0.3,-0.3,low
fac_420,facebook,0.0,0.6,0.0,0.0,0.0,0.0,0.0,0.0,0.6,0.0,0.6,high
fac_421,facebook,0.0,0.0,0.9,0.0,0.0,0.0,0.3,0.0,0.9,0.3,0.6,high
fac_422,facebook,0.0,0.0,0.0,0.0,0.0,0.0,0.0,0.0,0.0,0.0,0.0,neutral
fac_423,facebook,0.0,0.0,0.0,0.0,0.0,0.0,0.2,0.0,0.0,0.2,-0.2,low
fac_424,facebook,0.0,0.0,0.0,0.0,0.0,0.0,0.3,0.0,0.0,0.3,-0.3,low
fac_425,facebook,0.0,0.0,0.0,0.0,0.0,0.0,0.5,0.0,0.0,0.5,-0.5,low
fac_426,facebook,0.0,0.0,0.0,0.0,0.0,0.0,1.1,0.0,0.0,1.1,-1.1,low
fac_427,facebook,0.0,0.0,0.0,0.0,0.0,0.0,0.8,0.0,0.0,0.8,-0.8,low
fac_428,facebook,0.0,0.6,0.8,0.0,0.0,0.0,0.2,0.0,1.4,0.2,1.2,high
fac_429,facebook,0.0,0.0,0.0,0.0,0.0,0.6,0.0,0.0,0.0,0.6,-0.6,low
fac_430,facebook,0.0,0.0,0.0,0.0,0.0,0.0,0.0,0.0,0.0,0.0,0.0,neutral
fac_431,facebook,0.0,0.0,0.0,0.0,0.0,0.0,1.0,0.0,0.0,1.0,-1.0,low
fac_432,facebook,0.0,0.0,0.0,0.0,0.0,0.0,0.7,0.0,0.0,0.7,-0.7,low
fac_433,facebook,0.0,0.9,0.0,0.0,0.0,0.0,1.3,0.0,0.9,1.3,-0.4,low
fac_434,facebook,0.0,0.0,0.0,0.0,0.0,0.0,0.2,0.0,0.0,0.2,-0.2,low
fac_435,facebook,0.0,0.0,0.0,0.0,0.0,0.7,0.5,0.0,0.0,1.2,-1.2,low
fac_436,facebook,0.0,0.0,0.0,0.0,0.0,0.0,0.8,0.0,0.0,0.8,-0.8,low
fac_437,facebook,0.0,0.0,0.0,0.0,0.0,0.0,0.4,0.0,0.0,0.4,-0.4,low
fac_438,facebook,0.0,0.0,0.0,0.0,0.0,0.0,0.5,0.0,0.0,0.5,-0.5,low
fac_439,facebook,0.0,0.0,1.0,0.0,0.0,0.0,0.9,0.8,1.0,1.7,-0.7,low
fac_440,facebook,0.0,0.6,0.0,0.0,0.0,0.0,0.6,0.0,0.6,0.6,0.0,neutral
fac_441,facebook,1.0,0.0,0.0,0.0,0.0,0.0,0.9,0.0,1.0,0.9,0.1,high
fac_442,facebook,1.0,0.0,0.0,0.0,0.0,0.0,0.9,0.8,1.0,1.7,-0.7,low
fac_443,facebook,1.0,0.0,1.0,0.0,0.0,0.0,0.9,0.0,2.0,0.9,1.1,high
fac_444,facebook,0.0,0.0,0.0,0.0,0.0,0.0,0.9,0.0,0.0,0.9,-0.9,low
fac_445,facebook,0.0,0.0,0.0,0.0,0.0,0.6,0.3,0.0,0.0,0.9,-0.9,low
fac_446,facebook,0.0,0.0,0.0,0.0,0.0,0.0,0.6,0.0,0.0,0.6,-0.6,low
fac_447,facebook,1.0,0.0,0.0,0.0,0.0,0.0,0.5,0.8,1.0,1.3,-0.3,low
fac_448,facebook,0.0,0.0,1.0,0.0,0.7,0.0,0.5,0.0,1.0,1.2,-0.2,low
fac_449,facebook,0.0,0.0,0.0,0.0,0.0,0.0,0.7,0.0,0.0,0.7,-0.7,low
fac_450,facebook,0.0,0.0,0.0,0.0,0.0,0.0,0.4,0.0,0.0,0.4,-0.4,low
fac_451,facebook,0.0,0.0,0.0,0.0,0.0,0.0,0.8,0.0,0.0,0.8,-0.8,low
fac_452,facebook,0.0,0.0,0.0,0.0,0.0,0.0,0.3,0.0,0.0,0.3,-0.3,low
fac_453,facebook,0.0,0.0,0.0,0.0,0.0,0.7,1.25,0.0,0.0,1.95,-1.95,low
fac_454,facebook,0.0,0.0,0.9,0.0,0.0,0.0,0.3,1.5,0.9,1.8,-0.9,low
fac_455,facebook,0.0,0.0,1.0,0.0,0.0,0.0,0.3,0.0,1.0,0.3,0.7,high
fac_456,facebook,0.0,0.0,1.0,0.0,0.0,0.0,1.6,0.0,1.0,1.6,-0.6,low
fac_457,facebook,0.0,0.0,1.0,0.0,0.0,0.0,0.5,0.0,1.0,0.5,0.5,high
fac_458,facebook,0.0,0.0,0.0,0.0,0.0,0.0,0.75,0.8,0.0,1.55,-1.55,low
fac_459,facebook,0.0,0.0,0.0,0.0,0.0,0.6,0.6,0.0,0.0,1.2,-1.2,low
fac_460,facebook,0.0,0.6,0.0,0.0,0.0,0.0,0.0,0.0,0.6,0.0,0.6,high
fac_461,facebook,0.0,0.0,0.0,0.0,0.0,0.0,0.0,0.0,0.0,0.0,0.0,neutral
fac_462,facebook,0.0,0.0,0.0,0.0,0.0,0.0,0.0,0.0,0.0,0.0,0.0,neutral
fac_463,facebook,0.0,0.0,0.0,0.0,0.0,0.0,0.95,0.0,0.0,0.95,-0.95,low
fac_464,facebook,0.0,0.0,0.0,0.0,0.0,0.0,0.5,0.0,0.0,0.5,-0.5,low
fac_465,facebook,0.0,0.0,0.0,0.0,0.0,0.0,1.15,0.8,0.0,1.95,-1.95,low
fac_466,facebook,0.0,0.0,0.0,0.0,0.0,0.0,0.9,0.0,0.0,0.9,-0.9,low
fac_467,facebook,0.0,0.0,0.0,0.0,0.0,0.0,0.9,0.0,0.0,0.9,-0.9,low
fac_468,facebook,0.0,0.0,0.0,0.0,0.0,0.0,0.5,0.0,0.0,0.5,-0.5,low
fac_469,facebook,0.0,0.0,0.0,0.0,0.0,0.0,0.5,0.0,0.0,0.5,-0.5,low
fac_470,facebook,0.0,0.0,0.0,0.0,0.7,0.0,0.7,0.0,0.0,1.4,-1.4,low
fac_471,facebook,0.0,0.8,0.0,0.0,0.0,0.0,0.7,0.0,0.8,0.7,0.1,high
fac_472,facebook,0.0,0.0,0.0,0.0,0.0,0.0,1.0,0.0,0.0,1.0,-1.0,low
fac_473,facebook,0.0,0.0,0.0,0.0,0.0,0.0,0.3,0.0,0.0,0.3,-0.3,low
fac_474,facebook,0.0,0.8,0.0,0.0,0.0,0.0,0.2,0.0,0.8,0.2,0.6,high
fac_475,facebook,0.0,0.0,0.0,0.0,0.0,0.5,0.2,0.0,0.0,0.7,-0.7,low
fac_476,facebook,0.8,0.0,1.35,0.0,0.0,0.6,0.6,0.8,2.15,2.0,0.15,high
fac_477,facebook,0.0,0.0,0.0,0.0,0.0,0.0,0.0,0.0,0.0,0.0,0.0,neutral
fac_478,facebook,0.0,0.0,0.0,0.0,0.0,0.7,1.2,0.0,0.0,1.9,-1.9,low
fac_479,facebook,0.0,0.0,0.0,0.0,0.0,0.7,1.2,0.0,0.0,1.9,-1.9,low
fac_480,facebook,0.0,0.0,0.0,0.0,0.0,0.0,0.2,0.0,0.0,0.2,-0.2,low
fac_481,facebook,0.0,0.0,0.0,0.0,0.0,0.0,1.3,0.0,0.0,1.3,-1.3,low
fac_482,facebook,0.0,0.0,0.0,0.0,0.0,1.4,0.8,0.0,0.0,2.2,-2.2,low
fac_483,facebook,0.0,0.0,0.0,0.0,0.0,0.6,0.8,0.0,0.0,1.4,-1.4,low
fac_484,facebook,0.0,0.0,0.0,0.0,0.0,0.0,0.5,0.0,0.0,0.5,-0.5,low
fac_485,facebook,0.0,0.0,0.0,0.0,0.0,0.0,0.85,0.0,0.0,0.85,-0.85,low
fac_486,facebook,0.0,0.0,0.0,0.0,0.0,0.0,0.6,0.0,0.0,0.6,-0.6,low
fac_487,facebook,0.0,0.6,0.0,0.0,0.0,0.0,1.0,0.0,0.6,1.0,-0.4,low
fac_488,facebook,0.0,0.0,0.0,0.0,0.0,0.0,0.5,0.0,0.0,0.5,-0.5,low
fac_489,facebook,0.0,0.6,0.0,0.0,0.0,0.0,0.6,0.0,0.6,0.6,0.0,neutral
fac_490,facebook,0.0,0.0,0.0,0.0,0.0,0.0,0.6,0.0,0.0,0.6,-0.6,low
fac_491,facebook,0.0,0.0,0.0,0.0,0.0,0.0,0.6,0.0,0.0,0.6,-0.6,low
fac_492,facebook,0.0,0.0,0.0,0.0,0.0,0.0,0.75,0.0,0.0,0.75,-0.75,low
ins_001,instagram,0.0,0.0,0.0,0.0,0.0,0.0,0.8,0.0,0.0,0.8,-0.8,low
ins_002,instagram,0.0,0.0,1.0,0.0,0.0,0.0,0.8,0.0,1.0,0.8,0.2,high
ins_003,instagram,0.0,0.0,0.0,0.0,0.0,0.0,0.5,0.0,0.0,0.5,-0.5,low
ins_004,instagram,0.0,0.0,0.0,0.0,0.0,0.0,0.5,0.0,0.0,0.5,-0.5,low
ins_005,instagram,0.0,0.0,0.0,0.0,0.0,0.0,0.0,0.0,0.0,0.0,0.0,neutral
ins_006,instagram,0.0,0.0,0.0,0.0,0.8,0.0,0.5,0.0,0.0,1.3,-1.3,low
ins_007,instagram,0.0,0.0,0.0,0.0,0.0,0.0,1.3,0.0,0.0,1.3,-1.3,low
ins_008,instagram,0.0,0.0,0.0,0.0,0.0,0.0,0.2,0.0,0.0,0.2,-0.2,low
ins_009,instagram,0.0,0.0,0.0,0.0,0.0,0.0,1.2,0.0,0.0,1.2,-1.2,low
ins_010,instagram,0.0,0.0,0.0,0.0,0.0,0.0,0.7,0.0,0.0,0.7,-0.7,low
ins_011,instagram,0.0,0.0,0.0,0.0,1.2,0.0,0.5,0.0,0.0,1.7,-1.7,low
ins_012,instagram,0.0,0.0,0.0,0.0,0.0,0.0,0.4,0.0,0.0,0.4,-0.4,low
ins_013,instagram,0.0,0.0,0.0,0.0,0.0,0.0,0.8,0.0,0.0,0.8,-0.8,low
ins_014,instagram,0.0,0.0,0.0,0.0,0.7,0.0,1.3,0.0,0.0,2.0,-2.0,low
ins_015,instagram,0.0,0.0,0.0,0.0,0.0,0.0,0.5,0.0,0.0,0.5,-0.5,low
ins_016,instagram,0.0,0.0,0.0,0.0,0.0,0.0,0.4,0.0,0.0,0.4,-0.4,low
ins_017,instagram,0.0,0.0,0.0,0.0,0.0,0.0,0.4,0.0,0.0,0.4,-0.4,low
ins_018,instagram,0.0,0.0,0.0,0.0,0.0,0.0,0.2,0.0,0.0,0.2,-0.2,low
ins_019,instagram,0.0,0.0,0.0,0.0,0.9,0.6,1.0,0.0,0.0,2.5,-2.5,low
ins_020,instagram,0.0,0.0,0.0,0.0,0.0,0.0,1.0,0.0,0.0,1.0,-1.0,low
ins_021,instagram,0.0,0.0,0.0,0.0,0.0,0.0,0.9,0.0,0.0,0.9,-0.9,low
ins_022,instagram,0.0,0.0,0.0,0.0,2.9,0.0,1.5,0.0,0.0,4.4,-4.4,low
ins_023,instagram,0.0,0.0,0.0,0.0,0.0,0.0,0.8,0.0,0.0,0.8,-0.8,low
ins_024,instagram,0.0,0.0,0.0,0.0,0.0,0.0,0.3,0.0,0.0,0.3,-0.3,low
ins_025,instagram,0.0,0.0,0.0,0.0,0.0,0.0,0.5,0.0,0.0,0.5,-0.5,low
ins_026,instagram,0.0,0.0,0.0,0.0,0.0,0.0,0.8,0.0,0.0,0.8,-0.8,low
ins_027,instagram,0.0,0.0,0.0,0.0,0.0,0.0,0.5,0.0,0.0,0.5,-0.5,low
ins_028,instagram,0.0,0.0,0.0,0.0,0.0,0.0,0.95,0.0,0.0,0.95,-0.95,low
ins_029,instagram,0.0,0.0,0.0,0.0,1.2,0.0,0.7,0.0,0.0,1.9,-1.9,low
ins_030,instagram,0.0,0.0,0.0,0.0,0.0,0.0,0.6,0.0,0.0,0.6,-0.6,low
ins_031,instagram,0.0,0.0,0.0,0.0,0.0,0.0,0.5,0.0,0.0,0.5,-0.5,low
ins_032,instagram,0.0,0.0,0.0,0.0,0.0,0.0,0.85,0.0,0.0,0.85,-0.85,low
ins_033,instagram,0.0,0.0,0.0,0.0,0.0,0.0,0.8,0.0,0.0,0.8,-0.8,low
ins_034,instagram,0.0,0.0,0.0,0.0,0.0,0.0,0.0,0.0,0.0,0.0,0.0,neutral
ins_035,instagram,0.0,0.0,0.0,0.0,0.0,0.0,0.4,0.0,0.0,0.4,-0.4,low
ins_036,instagram,0.0,0.0,0.0,0.0,0.0,0.0,0.4,0.0,0.0,0.4,-0.4,low
ins_037,instagram,0.0,0.0,0.0,0.0,0.0,0.0,0.5,0.0,0.0,0.5,-0.5,low
ins_038,instagram,1.8,0.0,0.0,0.0,1.05,0.6,0.8,0.0,1.8,2.45,-0.65,low
ins_039,instagram,0.0,0.0,0.0,0.0,0.0,0.0,0.2,0.0,0.0,0.2,-0.2,low
ins_040,instagram,0.0,0.0,0.0,0.0,0.8,0.0,0.5,0.0,0.0,1.3,-1.3,low
ins_041,instagram,0.0,0.0,0.0,0.0,0.0,0.0,0.6,0.0,0.0,0.6,-0.6,low
ins_042,instagram,0.0,0.0,0.0,0.0,0.8,0.0,0.9,0.0,0.0,1.7,-1.7,low
ins_043,instagram,0.0,0.0,0.0,0.0,0.0,0.0,0.4,0.0,0.0,0.4,-0.4,low
ins_044,instagram,0.0,0.0,0.0,0.0,0.0,0.0,0.2,0.0,0.0,0.2,-0.2,low
ins_045,instagram,0.0,0.0,0.0,0.0,0.0,0.0,1.1,0.0,0.0,1.1,-1.1,low
ins_046,instagram,0.0,0.0,1.0,0.0,0.0,0.0,0.2,0.0,1.0,0.2,0.8,high
ins_047,instagram,0.0,0.0,0.0,0.0,0.0,0.0,0.6,0.0,0.0,0.6,-0.6,low
ins_048,instagram,0.0,0.0,0.0,0.0,0.0,0.0,0.2,0.0,0.0,0.2,-0.2,low
ins_049,instagram,0.8,0.0,0.0,0.0,0.0,0.0,0.3,0.8,0.8,1.1,-0.3,low
ins_050,instagram,1.0,0.0,0.0,0.0,0.0,0.0,0.3,0.0,1.0,0.3,0.7,high
ins_051,instagram,0.0,0.0,0.0,0.0,0.0,0.0,0.8,0.0,0.0,0.8,-0.8,low
ins_052,instagram,0.0,0.0,0.0,0.0,0.0,0.0,0.5,0.0,0.0,0.5,-0.5,low
ins_053,instagram,0.0,0.0,1.0,0.0,0.0,0.0,0.5,0.0,1.0,0.5,0.5,high
ins_054,instagram,0.0,0.0,0.0,0.0,1.2,0.0,1.25,0.0,0.0,2.45,-2.45,low
ins_055,instagram,0.0,0.0,0.9,0.0,0.0,0.0,0.9,0.0,0.9,0.9,-0.0,neutral
ins_056,instagram,0.0,0.0,0.0,0.0,0.0,0.0,0.2,0.0,0.0,0.2,-0.2,low
ins_057,instagram,0.0,0.0,0.0,0.0,0.0,0.0,0.4,0.0,0.0,0.4,-0.4,low
ins_058,instagram,0.0,0.0,0.0,0.0,0.0,0.0,0.7,0.0,0.0,0.7,-0.7,low
ins_059,instagram,0.0,0.0,0.0,0.0,0.0,0.0,0.5,0.0,0.0,0.5,-0.5,low
ins_060,instagram,0.0,0.0,0.0,0.0,0.0,0.0,0.5,0.0,0.0,0.5,-0.5,low
ins_061,instagram,0.0,0.0,0.0,0.0,0.0,0.0,0.2,0.0,0.0,0.2,-0.2,low
ins_062,instagram,0.0,0.0,0.0,0.0,0.0,0.0,0.2,0.0,0.0,0.2,-0.2,low
ins_063,instagram,0.0,0.0,0.0,0.0,0.0,0.0,0.0,0.0,0.0,0.0,0.0,neutral
ins_064,instagram,0.0,0.0,0.0,0.0,0.0,0.0,0.8,0.0,0.0,0.8,-0.8,low
ins_065,instagram,0.0,0.0,0.0,0.0,0.0,0.0,1.2,0.0,0.0,1.2,-1.2,low
ins_066,instagram,0.0,0.0,0.0,0.0,0.8,0.0,1.0,0.0,0.0,1.8,-1.8,low
ins_067,instagram,0.0,0.0,0.0,0.0,0.8,0.0,0.2,0.0,0.0,1.0,-1.0,low
ins_068,instagram,0.0,0.0,0.0,0.0,0.0,0.0,0.7,0.0,0.0,0.7,-0.7,low
ins_069,instagram,1.0,0.0,0.0,0.0,0.8,0.7,1.1,0.0,1.0,2.6,-1.6,low
ins_070,instagram,0.0,0.0,0.0,0.0,0.0,0.6,0.4,0.0,0.0,1.0,-1.0,low
ins_071,instagram,0.0,0.0,0.0,0.0,1.6,0.6,0.9,0.0,0.0,3.1,-3.1,low
ins_072,instagram,0.0,0.0,0.0,0.0,0.0,0.0,0.5,0.0,0.0,0.5,-0.5,low
ins_073,instagram,0.0,0.0,1.0,0.0,0.7,0.0,0.0,0.0,1.0,0.7,0.3,high
ins_074,instagram,0.0,0.0,0.0,0.0,0.0,0.0,1.55,0.0,0.0,1.55,-1.55,low
ins_075,instagram,0.0,0.0,0.0,0.0,0.0,0.0,1.0,0.0,0.0,1.0,-1.0,low
ins_076,instagram,0.0,0.0,0.0,0.0,0.0,0.0,0.7,0.0,0.0,0.7,-0.7,low
ins_077,instagram,0.0,0.0,0.0,0.0,0.0,0.0,0.3,0.0,0.0,0.3,-0.3,low
ins_078,instagram,0.0,0.0,0.0,0.0,0.0,0.0,0.7,0.0,0.0,0.7,-0.7,low
ins_079,instagram,0.0,0.0,0.0,0.0,0.0,0.0,0.2,0.0,0.0,0.2,-0.2,low
ins_080,instagram,0.0,0.0,0.0,0.0,0.0,0.0,1.3,0.0,0.0,1.3,-1.3,low
ins_081,instagram,0.0,0.0,0.0,0.0,1.6,0.0,1.0,0.0,0.0,2.6,-2.6,low
ins_082,instagram,0.0,0.0,0.0,0.0,0.0,0.0,0.8,0.0,0.0,0.8,-0.8,low
ins_083,instagram,0.0,0.0,0.0,0.0,0.7,0.0,0.3,0.0,0.0,1.0,-1.0,low
ins_084,instagram,0.0,0.0,0.0,0.0,0.0,0.0,1.0,0.0,0.0,1.0,-1.0,low
ins_085,instagram,0.0,0.0,0.0,0.0,0.0,0.0,0.7,0.0,0.0,0.7,-0.7,low
ins_086,instagram,0.0,0.0,0.0,0.0,0.0,0.0,0.3,0.0,0.0,0.3,-0.3,low
ins_087,instagram,0.0,0.0,0.0,0.0,0.0,0.0,1.1,0.0,0.0,1.1,-1.1,low
ins_088,instagram,0.0,0.0,0.0,0.0,0.0,0.0,0.3,0.0,0.0,0.3,-0.3,low
ins_089,instagram,0.0,0.0,0.0,0.0,0.0,0.0,0.5,0.0,0.0,0.5,-0.5,low
ins_090,instagram,0.0,0.0,0.0,0.0,0.0,0.0,0.7,0.0,0.0,0.7,-0.7,low
ins_091,instagram,0.0,0.0,0.0,0.0,0.0,0.0,0.2,0.0,0.0,0.2,-0.2,low
ins_092,instagram,0.0,0.0,0.0,0.0,0.0,0.0,0.6,0.0,0.0,0.6,-0.6,low
ins_093,instagram,0.0,0.0,0.0,0.0,0.0,0.0,0.4,0.0,0.0,0.4,-0.4,low
ins_094,instagram,0.0,0.0,0.0,0.0,0.0,0.0,0.6,0.0,0.0,0.6,-0.6,low
ins_095,instagram,0.0,0.0,0.0,0.0,0.0,0.0,1.2,0.0,0.0,1.2,-1.2,low
ins_096,instagram,0.0,0.0,1.0,0.0,0.0,0.0,0.3,0.0,1.0,0.3,0.7,high
ins_097,instagram,1.0,0.0,1.0,0.0,0.7,0.0,0.0,0.0,2.0,0.7,1.3,high
ins_098,instagram,1.0,0.0,0.0,0.0,0.0,0.0,0.2,0.0,1.0,0.2,0.8,high
ins_099,instagram,1.0,0.0,1.0,0.0,0.0,0.0,0.2,0.0,2.0,0.2,1.8,high
ins_100,instagram,0.0,0.0,0.0,0.0,0.0,0.0,0.5,0.0,0.0,0.5,-0.5,low
ins_101,instagram,0.0,0.0,0.0,0.0,0.0,0.0,1.0,0.0,0.0,1.0,-1.0,low
ins_102,instagram,0.0,0.0,0.0,0.0,0.0,0.0,0.7,0.0,0.0,0.7,-0.7,low
ins_103,instagram,0.0,0.0,0.0,0.0,0.0,0.0,0.8,0.0,0.0,0.8,-0.8,low
ins_104,instagram,0.0,0.0,0.0,0.0,0.0,0.0,0.5,0.0,0.0,0.5,-0.5,low
ins_105,instagram,0.0,0.0,0.0,0.0,0.8,0.0,1.3,0.0,0.0,2.1,-2.1,low
ins_106,instagram,0.8,0.0,0.0,0.0,0.7,0.0,0.6,0.0,0.8,1.3,-0.5,low
ins_107,instagram,0.0,0.0,0.0,0.0,0.0,0.0,1.5,0.8,0.0,2.3,-2.3,low
ins_108,instagram,0.0,0.0,0.0,0.0,0.0,0.0,0.5,0.0,0.0,0.5,-0.5,low
ins_109,instagram,0.0,0.0,0.0,0.0,0.0,0.0,0.5,0.0,0.0,0.5,-0.5,low
ins_110,instagram,0.0,0.0,0.0,0.0,0.0,0.0,0.2,0.0,0.0,0.2,-0.2,low
ins_111,instagram,0.0,0.0,0.0,0.0,1.6,0.6,1.3,0.0,0.0,3.5,-3.5,low
ins_112,instagram,0.0,0.0,0.0,0.0,0.8,0.7,1.3,0.0,0.0,2.8,-2.8,low
ins_113,instagram,0.0,0.0,0.9,0.0,0.8,0.0,1.2,0.0,0.9,2.0,-1.1,low
ins_114,instagram,0.0,0.0,0.0,0.0,0.0,0.0,1.2,0.0,0.0,1.2,-1.2,low
ins_115,instagram,0.0,0.0,0.0,0.0,0.0,1.05,1.5,0.0,0.0,2.55,-2.55,low
ins_116,instagram,0.0,0.0,0.0,0.0,0.8,0.0,0.8,0.0,0.0,1.6,-1.6,low
ins_117,instagram,0.0,0.0,0.0,0.0,0.0,0.0,0.4,0.0,0.0,0.4,-0.4,low
ins_118,instagram,0.0,0.0,0.0,0.0,0.0,0.0,0.7,0.0,0.0,0.7,-0.7,low
ins_119,instagram,0.0,0.0,0.0,0.0,0.0,0.0,0.5,0.0,0.0,0.5,-0.5,low
ins_120,instagram,0.0,0.0,0.0,0.0,0.0,0.0,0.7,0.0,0.0,0.7,-0.7,low
ins_121,instagram,0.0,0.0,0.0,0.0,0.0,0.0,0.4,0.0,0.0,0.4,-0.4,low
ins_122,instagram,0.0,0.0,0.0,0.0,0.7,0.0,0.2,0.0,0.0,0.9,-0.9,low
ins_123,instagram,0.0,0.0,1.2,0.0,0.7,0.0,0.2,0.0,1.2,0.9,0.3,high
ins_124,instagram,0.0,0.0,0.0,0.0,0.7,0.0,0.4,0.0,0.0,1.1,-1.1,low
ins_125,instagram,0.0,0.0,0.0,0.0,0.0,0.0,0.5,0.0,0.0,0.5,-0.5,low
ins_126,instagram,0.0,0.0,0.0,0.0,0.8,0.0,0.7,0.0,0.0,1.5,-1.5,low
ins_127,instagram,0.0,0.0,0.0,0.0,0.0,0.0,0.7,0.0,0.0,0.7,-0.7,low
ins_128,instagram,0.0,0.0,0.0,0.0,0.7,0.0,0.5,0.0,0.0,1.2,-1.2,low
ins_129,instagram,0.0,0.0,0.0,0.0,0.0,0.0,0.5,0.0,0.0,0.5,-0.5,low
ins_130,instagram,0.0,0.0,0.0,0.0,0.0,0.0,0.2,0.0,0.0,0.2,-0.2,low
ins_131,instagram,0.0,0.0,0.0,0.0,0.0,0.0,0.2,0.0,0.0,0.2,-0.2,low
ins_132,instagram,0.0,0.0,0.0,0.0,0.0,0.0,0.3,0.0,0.0,0.3,-0.3,low
ins_133,instagram,0.0,0.0,0.0,0.0,0.0,0.0,0.5,0.0,0.0,0.5,-0.5,low
ins_134,instagram,0.0,0.0,0.0,0.0,0.0,0.0,1.3,0.0,0.0,1.3,-1.3,low
ins_135,instagram,0.0,0.0,0.0,0.0,0.7,0.0,0.2,0.0,0.0,0.9,-0.9,low
ins_136,instagram,0.0,0.0,0.0,0.0,0.0,0.0,0.5,0.0,0.0,0.5,-0.5,low
ins_137,instagram,0.0,0.0,0.0,0.0,0.0,0.0,1.1,0.0,0.0,1.1,-1.1,low
ins_138,instagram,1.0,0.0,0.0,0.0,0.0,0.0,0.5,0.0,1.0,0.5,0.5,high
ins_139,instagram,0.0,0.0,0.0,0.0,0.0,0.0,0.2,0.8,0.0,1.0,-1.0,low
ins_140,instagram,0.0,0.0,0.0,0.0,0.0,0.0,0.9,0.0,0.0,0.9,-0.9,low
ins_141,instagram,0.0,0.0,0.0,0.0,0.0,0.0,1.3,0.0,0.0,1.3,-1.3,low
ins_142,instagram,0.0,0.0,0.0,0.0,0.7,0.0,0.5,0.0,0.0,1.2,-1.2,low
ins_143,instagram,0.0,0.0,0.0,0.0,0.0,0.0,0.8,0.0,0.0,0.8,-0.8,low
ins_144,instagram,1.0,0.0,0.0,0.0,0.0,0.0,0.3,0.0,1.0,0.3,0.7,high
ins_145,instagram,0.0,0.0,0.0,0.0,0.0,0.0,0.3,0.0,0.0,0.3,-0.3,low
ins_146,instagram,0.0,0.0,1.0,0.0,0.8,0.0,0.5,0.0,1.0,1.3,-0.3,low
ins_147,instagram,0.0,0.0,1.0,0.0,0.0,0.0,0.8,0.0,1.0,0.8,0.2,high
ins_148,instagram,0.0,0.0,0.0,0.0,0.0,0.0,1.1,0.0,0.0,1.1,-1.1,low
ins_149,instagram,0.0,0.0,0.0,0.0,0.0,0.0,0.5,0.0,0.0,0.5,-0.5,low
ins_150,instagram,0.0,0.0,0.0,0.0,0.0,0.0,0.2,0.0,0.0,0.2,-0.2,low
ins_151,instagram,0.0,0.0,0.0,0.0,0.0,0.0,0.8,0.0,0.0,0.8,-0.8,low
ins_152,instagram,0.0,0.0,0.0,0.0,0.0,0.0,0.5,0.0,0.0,0.5,-0.5,low
ins_153,instagram,0.0,0.0,0.0,0.0,0.0,0.0,0.3,0.0,0.0,0.3,-0.3,low
ins_154,instagram,0.0,0.0,0.0,0.0,0.0,0.0,0.8,0.0,0.0,0.8,-0.8,low
ins_155,instagram,0.0,0.8,0.0,0.0,0.0,0.0,0.4,0.0,0.8,0.4,0.4,high
ins_156,instagram,0.0,0.0,0.0,0.0,0.0,0.0,0.7,0.0,0.0,0.7,-0.7,low
ins_157,instagram,0.0,0.0,0.0,0.0,0.0,0.0,1.1,0.0,0.0,1.1,-1.1,low
ins_158,instagram,0.0,0.8,0.0,0.0,0.0,0.0,0.8,0.0,0.8,0.8,0.0,neutral
ins_159,instagram,0.0,0.0,0.0,0.0,0.0,0.0,1.1,0.0,0.0,1.1,-1.1,low
ins_160,instagram,0.0,0.0,0.0,0.0,0.0,0.0,0.3,0.0,0.0,0.3,-0.3,low
ins_161,instagram,0.0,0.0,0.0,0.0,0.7,0.0,0.5,0.0,0.0,1.2,-1.2,low
ins_162,instagram,0.0,0.0,0.0,0.0,0.0,0.0,0.2,0.0,0.0,0.2,-0.2,low
ins_163,instagram,0.0,0.0,0.0,0.0,0.0,0.0,0.5,0.0,0.0,0.5,-0.5,low
ins_164,instagram,0.0,0.0,0.0,0.0,0.8,0.0,0.5,0.0,0.0,1.3,-1.3,low
ins_165,instagram,0.0,0.0,0.0,0.0,0.8,0.0,0.9,0.0,0.0,1.7,-1.7,low
ins_166,instagram,0.0,0.0,0.9,0.0,0.8,0.0,0.5,0.0,0.9,1.3,-0.4,low
ins_167,instagram,0.0,0.0,0.9,0.0,0.0,0.0,1.85,0.0,0.9,1.85,-0.95,low
ins_168,instagram,0.0,0.0,0.0,0.0,0.0,0.0,0.8,0.0,0.0,0.8,-0.8,low
ins_169,instagram,0.0,0.0,0.0,0.0,0.0,0.0,1.1,0.0,0.0,1.1,-1.1,low
ins_170,instagram,0.0,0.0,0.0,0.0,0.0,0.0,0.4,0.0,0.0,0.4,-0.4,low
ins_171,instagram,0.0,0.0,0.0,0.0,0.0,0.0,0.5,0.0,0.0,0.5,-0.5,low
ins_172,instagram,0.0,0.0,0.0,0.0,0.0,0.0,0.5,0.0,0.0,0.5,-0.5,low
ins_173,instagram,0.0,0.8,0.0,0.0,0.0,0.0,0.8,0.0,0.8,0.8,0.0,neutral
ins_174,instagram,0.0,0.0,0.0,0.0,0.0,0.0,0.5,0.0,0.0,0.5,-0.5,low
ins_175,instagram,0.0,0.0,0.0,0.0,0.0,0.0,0.7,0.0,0.0,0.7,-0.7,low
ins_176,instagram,0.0,0.0,0.0,0.0,0.0,0.0,0.8,0.0,0.0,0.8,-0.8,low
ins_177,instagram,0.0,0.0,0.9,0.0,0.0,0.0,1.05,0.0,0.9,1.05,-0.15,low
ins_178,instagram,0.0,0.0,0.9,0.0,0.0,0.0,0.2,0.0,0.9,0.2,0.7,high
ins_179,instagram,0.0,0.0,0.0,0.0,0.0,0.0,1.0,0.0,0.0,1.0,-1.0,low
ins_180,instagram,0.0,0.0,0.0,0.0,0.0,0.0,0.3,0.0,0.0,0.3,-0.3,low
ins_181,instagram,0.0,0.0,0.0,0.0,0.0,0.0,1.0,0.0,0.0,1.0,-1.0,low
ins_182,instagram,0.0,0.0,0.0,0.0,0.0,0.0,0.5,0.8,0.0,1.3,-1.3,low
ins_183,instagram,0.0,0.0,0.0,0.0,0.8,0.0,0.6,0.0,0.0,1.4,-1.4,low
ins_184,instagram,0.0,0.0,0.0,0.0,0.0,0.0,0.5,0.0,0.0,0.5,-0.5,low
ins_185,instagram,0.0,0.0,1.0,0.0,0.0,0.0,0.5,0.0,1.0,0.5,0.5,high
ins_186,instagram,0.0,0.0,0.0,0.0,0.8,0.0,1.4,0.0,0.0,2.2,-2.2,low
ins_187,instagram,0.0,0.0,0.0,0.0,0.8,0.0,0.3,0.0,0.0,1.1,-1.1,low
ins_188,instagram,0.0,0.8,0.0,0.0,0.8,0.0,0.8,0.8,0.8,2.4,-1.6,low
ins_189,instagram,0.0,0.0,0.0,0.0,0.0,0.0,0.6,0.0,0.0,0.6,-0.6,low
ins_190,instagram,0.0,0.6,0.0,0.0,0.0,0.0,0.0,0.0,0.6,0.0,0.6,high
ins_191,instagram,0.0,0.0,0.0,0.0,0.8,0.0,0.8,0.8,0.0,2.4,-2.4,low
ins_192,instagram,0.0,0.0,0.0,0.0,0.8,0.0,0.3,0.8,0.0,1.9,-1.9,low
ins_193,instagram,0.9,0.0,0.0,0.0,0.8,0.7,1.0,0.8,0.9,3.3,-2.4,low
ins_194,instagram,0.0,0.0,0.0,0.0,0.0,0.0,0.6,0.0,0.0,0.6,-0.6,low
ins_195,instagram,0.0,0.0,0.0,0.0,0.0,0.0,0.8,0.0,0.0,0.8,-0.8,low
ins_196,instagram,0.0,0.0,0.0,0.0,0.7,0.0,0.5,0.0,0.0,1.2,-1.2,low
ins_197,instagram,0.0,0.0,0.0,0.0,0.0,0.0,1.4,0.0,0.0,1.4,-1.4,low
ins_198,instagram,0.0,0.0,0.9,0.0,0.0,0.0,0.2,0.0,0.9,0.2,0.7,high
ins_199,instagram,0.0,0.0,0.0,0.0,0.0,0.0,0.8,0.0,0.0,0.8,-0.8,low
ins_200,instagram,0.0,0.6,0.9,0.0,0.0,0.0,0.2,0.0,1.5,0.2,1.3,high
ins_201,instagram,0.0,0.0,0.9,0.0,0.0,0.0,0.8,0.0,0.9,0.8,0.1,high
ins_202,instagram,0.0,0.0,0.0,0.0,0.0,0.0,0.7,0.0,0.0,0.7,-0.7,low
ins_203,instagram,0.0,0.0,0.0,0.0,0.0,0.0,0.4,0.0,0.0,0.4,-0.4,low
ins_204,instagram,0.0,0.0,0.0,0.0,0.0,0.0,0.5,0.0,0.0,0.5,-0.5,low
ins_205,instagram,0.0,0.0,0.0,0.0,0.0,0.0,0.7,0.0,0.0,0.7,-0.7,low
ins_206,instagram,0.0,0.0,0.0,0.0,0.0,0.0,0.5,0.0,0.0,0.5,-0.5,low
ins_207,instagram,0.0,0.0,0.0,0.0,0.0,0.0,0.2,0.0,0.0,0.2,-0.2,low
ins_208,instagram,0.0,0.0,0.0,0.0,0.0,0.0,0.2,0.0,0.0,0.2,-0.2,low
ins_209,instagram,0.0,0.0,0.0,0.0,0.0,0.0,0.2,0.0,0.0,0.2,-0.2,low
ins_210,instagram,0.0,0.0,0.0,0.0,0.0,0.0,0.4,0.0,0.0,0.4,-0.4,low
ins_211,instagram,0.0,0.0,0.0,0.0,0.0,0.0,0.6,0.0,0.0,0.6,-0.6,low
ins_212,instagram,0.0,0.0,0.0,0.0,0.0,0.0,0.9,0.0,0.0,0.9,-0.9,low
ins_213,instagram,0.0,0.0,0.0,0.0,0.8,0.6,1.2,0.0,0.0,2.6,-2.6,low
ins_214,instagram,0.0,0.0,0.0,0.0,0.0,0.0,0.5,0.0,0.0,0.5,-0.5,low
ins_215,instagram,0.0,0.0,0.0,0.0,0.0,0.0,0.4,0.0,0.0,0.4,-0.4,low
ins_216,instagram,0.0,0.0,0.0,0.0,0.7,0.0,0.8,0.0,0.0,1.5,-1.5,low
ins_217,instagram,0.0,0.0,0.0,0.0,0.0,0.0,0.4,0.0,0.0,0.4,-0.4,low
ins_218,instagram,1.0,0.0,0.0,0.0,0.7,0.0,1.15,0.0,1.0,1.85,-0.85,low
ins_219,instagram,0.0,0.0,0.0,0.0,0.0,0.0,0.9,0.0,0.0,0.9,-0.9,low
ins_220,instagram,0.0,0.0,0.0,0.0,0.0,0.0,0.5,0.0,0.0,0.5,-0.5,low
ins_221,instagram,0.0,0.0,0.0,0.0,0.0,0.0,0.0,0.0,0.0,0.0,0.0,neutral
ins_222,instagram,0.0,0.0,0.0,0.0,0.0,0.7,0.2,0.0,0.0,0.9,-0.9,low
ins_223,instagram,0.0,0.0,0.0,0.0,0.0,0.0,1.5,0.0,0.0,1.5,-1.5,low
ins_224,instagram,0.0,0.0,0.0,0.0,0.0,1.05,0.85,0.0,0.0,1.9,-1.9,low
ins_225,instagram,0.0,0.0,0.0,0.0,0.0,0.0,0.95,0.0,0.0,0.95,-0.95,low
ins_226,instagram,0.0,0.0,0.0,0.0,0.0,0.0,0.5,0.0,0.0,0.5,-0.5,low
ins_227,instagram,0.0,0.0,0.0,0.0,0.0,0.0,0.0,0.0,0.0,0.0,0.0,neutral
ins_228,instagram,0.0,0.0,0.0,0.0,0.0,0.0,0.8,0.0,0.0,0.8,-0.8,low
ins_229,instagram,0.0,0.0,0.0,0.0,0.0,0.0,0.5,0.0,0.0,0.5,-0.5,low
ins_230,instagram,0.0,0.0,0.0,0.0,0.0,0.0,1.15,0.0,0.0,1.15,-1.15,low
ins_231,instagram,0.0,0.0,0.0,0.0,0.0,0.0,0.9,0.0,0.0,0.9,-0.9,low
ins_232,instagram,0.0,0.0,0.0,0.0,0.0,0.0,0.7,0.0,0.0,0.7,-0.7,low
ins_233,instagram,0.0,0.0,0.0,0.0,0.0,0.0,0.8,0.0,0.0,0.8,-0.8,low
ins_234,instagram,0.0,0.0,0.0,0.0,0.7,0.0,0.2,0.0,0.0,0.9,-0.9,low
ins_235,instagram,0.0,0.0,0.0,0.0,0.0,0.0,1.1,0.0,0.0,1.1,-1.1,low
ins_236,instagram,0.0,0.0,0.0,0.0,0.0,0.0,0.4,0.0,0.0,0.4,-0.4,low
ins_237,instagram,0.0,0.0,0.0,0.0,0.0,0.0,1.15,0.0,0.0,1.15,-1.15,low
ins_238,instagram,0.0,0.0,0.0,0.0,0.0,0.0,1.1,0.0,0.0,1.1,-1.1,low
ins_239,instagram,0.0,0.0,0.0,0.0,0.0,0.0,1.1,0.0,0.0,1.1,-1.1,low
ins_240,instagram,0.0,0.0,0.0,0.0,0.0,0.0,0.9,0.0,0.0,0.9,-0.9,low
ins_241,instagram,0.0,0.0,0.0,0.0,0.0,0.0,0.8,0.0,0.0,0.8,-0.8,low
ins_242,instagram,0.0,0.0,0.0,0.0,0.0,0.0,0.85,0.0,0.0,0.85,-0.85,low
ins_243,instagram,0.0,0.0,0.0,0.0,0.8,0.0,0.7,0.0,0.0,1.5,-1.5,low
ins_244,instagram,0.0,0.0,0.0,0.0,0.0,0.0,0.5,0.0,0.0,0.5,-0.5,low
ins_245,instagram,0.0,0.0,0.0,0.0,0.0,0.0,0.5,0.0,0.0,0.5,-0.5,low
ins_246,instagram,0.0,0.0,0.0,0.0,0.0,0.0,0.2,0.0,0.0,0.2,-0.2,low
ins_247,instagram,0.0,0.0,0.0,0.0,0.0,0.0,0.85,0.0,0.0,0.85,-0.85,low
ins_248,instagram,0.0,0.0,0.0,0.0,0.7,0.0,0.7,0.8,0.0,2.2,-2.2,low
ins_249,instagram,0.0,0.0,0.0,0.0,0.0,0.0,2.2,0.0,0.0,2.2,-2.2,low
ins_250,instagram,0.0,0.0,0.0,0.0,0.0,0.0,1.0,0.0,0.0,1.0,-1.0,low
ins_251,instagram,0.0,0.0,0.0,0.0,1.2,0.0,0.3,0.0,0.0,1.5,-1.5,low
ins_252,instagram,0.0,0.0,0.0,0.0,0.0,0.0,0.7,0.0,0.0,0.7,-0.7,low
ins_253,instagram,0.0,0.0,0.0,0.0,1.2,0.0,1.2,0.0,0.0,2.4,-2.4,low
ins_254,instagram,0.0,0.0,0.0,0.0,0.0,0.0,1.2,0.0,0.0,1.2,-1.2,low
ins_255,instagram,0.0,0.0,0.0,0.0,0.0,0.0,2.1,0.0,0.0,2.1,-2.1,low
ins_256,instagram,0.0,1.4,0.0,0.0,0.7,0.5,0.8,0.0,1.4,2.0,-0.6,low
ins_257,instagram,0.0,0.0,0.0,0.0,0.7,0.0,1.1,0.0,0.0,1.8,-1.8,low
ins_258,instagram,0.0,0.0,0.0,0.0,1.2,0.0,2.4,0.0,0.0,3.6,-3.6,low
ins_259,instagram,0.0,0.0,0.0,0.0,0.0,0.0,0.5,0.0,0.0,0.5,-0.5,low
ins_260,instagram,0.0,0.0,0.0,0.0,0.0,0.0,0.7,0.0,0.0,0.7,-0.7,low
ins_261,instagram,0.0,0.0,0.0,0.0,0.0,0.6,0.8,0.0,0.0,1.4,-1.4,low
ins_262,instagram,0.0,0.0,0.0,0.0,0.8,0.0,1.4,0.0,0.0,2.2,-2.2,low
ins_263,instagram,0.0,0.0,0.0,0.0,0.7,0.0,1.35,0.0,0.0,2.05,-2.05,low
ins_264,instagram,0.0,0.0,0.0,0.0,0.7,0.0,1.3,0.8,0.0,2.8,-2.8,low
ins_265,instagram,0.0,0.0,0.0,0.0,0.0,0.0,0.7,0.0,0.0,0.7,-0.7,low
ins_266,instagram,0.0,0.0,0.0,0.0,0.0,0.0,0.8,0.0,0.0,0.8,-0.8,low
ins_267,instagram,0.0,0.0,0.0,0.0,0.8,0.0,0.2,0.8,0.0,1.8,-1.8,low
ins_268,instagram,0.0,0.0,0.0,0.8,0.0,0.0,0.9,0.0,0.8,0.9,-0.1,low
ins_269,instagram,0.0,0.0,0.0,0.0,0.0,0.0,1.0,0.0,0.0,1.0,-1.0,low
ins_270,instagram,0.0,0.0,0.0,0.0,0.0,0.0,1.0,0.0,0.0,1.0,-1.0,low
ins_271,instagram,0.0,0.0,0.0,0.0,0.0,0.0,0.5,0.0,0.0,0.5,-0.5,low
ins_272,instagram,0.0,0.0,0.0,0.0,0.8,0.0,0.5,0.0,0.0,1.3,-1.3,low
ins_273,instagram,0.0,0.0,0.0,0.0,0.0,0.0,1.1,0.0,0.0,1.1,-1.1,low
ins_274,instagram,0.0,0.0,0.0,0.0,0.0,0.0,0.3,0.0,0.0,0.3,-0.3,low
ins_275,instagram,0.0,0.0,0.0,0.0,0.0,0.0,0.8,0.0,0.0,0.8,-0.8,low
ins_276,instagram,0.0,0.0,0.0,0.0,0.0,0.0,0.2,0.0,0.0,0.2,-0.2,low
ins_277,instagram,0.0,0.0,0.0,0.0,0.0,0.0,0.8,0.0,0.0,0.8,-0.8,low
ins_278,instagram,0.0,0.0,0.0,0.0,0.0,0.0,0.2,0.0,0.0,0.2,-0.2,low
ins_279,instagram,0.0,0.0,0.0,0.0,0.0,0.0,0.5,0.0,0.0,0.5,-0.5,low
ins_280,instagram,0.0,0.0,0.0,0.0,0.8,0.0,0.5,0.0,0.0,1.3,-1.3,low
ins_281,instagram,0.0,0.0,0.0,0.0,0.0,0.0,0.0,0.0,0.0,0.0,0.0,neutral
ins_282,instagram,0.0,0.0,0.0,0.0,0.0,0.0,0.4,0.0,0.0,0.4,-0.4,low
ins_283,instagram,0.0,0.0,0.0,0.0,0.0,0.0,0.5,0.0,0.0,0.5,-0.5,low
ins_284,instagram,0.0,0.0,0.0,0.0,0.0,0.0,1.4,0.0,0.0,1.4,-1.4,low
ins_285,instagram,0.0,0.0,0.0,0.0,0.0,0.0,1.0,0.0,0.0,1.0,-1.0,low
ins_286,instagram,0.0,0.0,1.0,0.0,0.0,0.0,1.2,0.0,1.0,1.2,-0.2,low
ins_287,instagram,0.0,0.0,0.0,0.0,0.0,0.0,0.4,0.0,0.0,0.4,-0.4,low
ins_288,instagram,0.0,0.0,0.0,0.0,0.0,0.0,1.2,0.0,0.0,1.2,-1.2,low
ins_289,instagram,0.0,0.0,1.0,0.0,0.0,0.0,1.8,0.0,1.0,1.8,-0.8,low
ins_290,instagram,0.0,0.0,1.0,0.0,0.8,0.0,0.7,0.0,1.0,1.5,-0.5,low
ins_291,instagram,0.0,0.0,1.0,0.0,0.0,0.0,1.0,0.0,1.0,1.0,0.0,neutral
ins_292,instagram,0.0,0.0,0.0,0.0,0.0,0.0,0.2,0.0,0.0,0.2,-0.2,low
ins_293,instagram,0.0,0.0,0.0,0.0,0.0,0.0,0.74,0.0,0.0,0.74,-0.74,low
ins_294,instagram,0.0,0.0,0.0,0.0,0.0,0.0,0.8,0.0,0.0,0.8,-0.8,low
ins_295,instagram,0.0,0.0,0.0,0.0,0.0,0.0,0.5,0.0,0.0,0.5,-0.5,low
ins_296,instagram,0.0,0.6,0.0,0.0,0.0,0.0,1.1,0.0,0.6,1.1,-0.5,low
ins_297,instagram,0.0,0.0,0.0,0.0,0.0,0.0,0.9,0.0,0.0,0.9,-0.9,low
ins_298,instagram,0.0,0.0,0.0,0.0,0.0,0.0,0.4,0.0,0.0,0.4,-0.4,low
ins_299,instagram,0.0,0.0,0.0,0.0,0.7,0.0,0.9,0.0,0.0,1.6,-1.6,low
ins_300,instagram,0.0,0.0,0.0,0.0,0.7,0.0,1.1,0.0,0.0,1.8,-1.8,low
ins_301,instagram,0.0,0.0,0.0,0.0,0.0,0.6,0.5,0.0,0.0,1.1,-1.1,low
ins_302,instagram,0.0,0.0,0.0,0.0,0.0,1.05,0.8,0.0,0.0,1.85,-1.85,low
ins_303,instagram,0.0,0.9,0.0,0.0,0.0,0.0,1.85,0.0,0.9,1.85,-0.95,low
ins_304,instagram,0.0,0.0,0.0,0.0,0.0,0.0,0.2,0.0,0.0,0.2,-0.2,low
ins_305,instagram,0.0,0.0,0.0,0.0,0.0,0.0,0.2,0.0,0.0,0.2,-0.2,low
ins_306,instagram,0.0,0.0,0.0,0.0,0.8,0.0,1.45,0.0,0.0,2.25,-2.25,low
ins_307,instagram,0.0,0.0,0.0,0.0,0.0,0.0,0.8,0.0,0.0,0.8,-0.8,low
ins_308,instagram,0.0,0.0,0.0,0.0,0.8,0.0,0.4,0.0,0.0,1.2,-1.2,low
ins_309,instagram,0.0,0.0,0.0,0.0,0.8,0.0,0.7,0.0,0.0,1.5,-1.5,low
ins_310,instagram,0.0,0.0,0.0,0.0,0.0,0.0,0.8,0.0,0.0,0.8,-0.8,low
ins_311,instagram,0.0,0.0,0.0,0.0,0.8,0.0,0.9,0.0,0.0,1.7,-1.7,low
ins_312,instagram,0.0,0.0,0.0,0.0,0.8,0.0,0.7,0.0,0.0,1.5,-1.5,low
ins_313,instagram,0.0,0.0,0.0,0.0,0.0,0.0,0.3,0.0,0.0,0.3,-0.3,low
ins_314,instagram,0.0,0.0,0.0,0.0,0.0,0.0,0.7,0.0,0.0,0.7,-0.7,low
ins_315,instagram,0.0,0.0,0.0,0.0,0.0,0.0,1.2,0.0,0.0,1.2,-1.2,low
ins_316,instagram,0.0,0.0,0.0,0.0,0.0,0.0,0.6,0.0,0.0,0.6,-0.6,low
ins_317,instagram,0.0,0.0,0.0,0.0,0.0,0.0,0.7,0.0,0.0,0.7,-0.7,low
ins_318,instagram,0.0,0.0,0.0,0.0,0.0,0.0,0.7,0.0,0.0,0.7,-0.7,low
ins_319,instagram,0.0,0.0,0.0,0.0,0.0,0.0,1.1,0.0,0.0,1.1,-1.1,low
ins_320,instagram,0.0,0.0,0.0,0.0,0.0,0.0,0.7,0.0,0.0,0.7,-0.7,low
ins_321,instagram,0.0,0.0,0.0,0.0,0.0,0.0,0.7,0.0,0.0,0.7,-0.7,low
ins_322,instagram,0.0,0.0,0.0,0.0,0.0,0.7,1.6,0.0,0.0,2.3,-2.3,low
ins_323,instagram,0.0,0.0,0.0,0.0,0.0,0.0,0.2,0.0,0.0,0.2,-0.2,low
ins_324,instagram,0.0,0.0,0.0,0.0,0.0,0.5,1.1,0.0,0.0,1.6,-1.6,low
ins_325,instagram,0.0,0.0,0.0,0.0,2.0,0.0,1.7,0.0,0.0,3.7,-3.7,low
ins_326,instagram,0.0,0.0,0.0,0.0,0.0,0.0,0.6,0.0,0.0,0.6,-0.6,low
ins_327,instagram,0.0,0.0,0.0,0.0,0.0,0.0,0.2,0.0,0.0,0.2,-0.2,low
ins_328,instagram,0.0,0.0,0.0,0.0,0.0,0.0,0.7,0.0,0.0,0.7,-0.7,low
ins_329,instagram,0.0,0.0,0.0,0.0,0.0,0.0,0.5,0.0,0.0,0.5,-0.5,low
ins_330,instagram,0.0,0.0,0.0,0.0,0.0,0.0,1.2,0.0,0.0,1.2,-1.2,low
ins_331,instagram,0.0,0.0,0.0,0.0,1.5,0.0,0.7,0.0,0.0,2.2,-2.2,low
ins_332,instagram,0.0,0.0,0.0,0.0,0.0,0.0,1.3,0.0,0.0,1.3,-1.3,low
ins_333,instagram,0.0,0.0,0.0,0.0,0.0,0.0,1.6,0.0,0.0,1.6,-1.6,low
ins_334,instagram,0.0,0.0,0.0,0.0,0.0,0.0,0.2,0.0,0.0,0.2,-0.2,low
ins_335,instagram,0.0,0.0,0.0,0.0,0.0,0.0,0.5,0.0,0.0,0.5,-0.5,low
ins_336,instagram,0.0,0.0,0.0,0.0,1.2,0.0,1.4,0.0,0.0,2.6,-2.6,low
ins_337,instagram,0.0,0.0,0.0,0.0,0.0,0.0,0.9,0.0,0.0,0.9,-0.9,low
ins_338,instagram,0.0,0.0,0.0,0.0,0.0,0.0,1.2,0.8,0.0,2.0,-2.0,low
ins_339,instagram,3.0,0.0,0.0,0.0,0.0,0.9,0.85,0.0,3.0,1.75,1.25,high
ins_340,instagram,0.0,0.0,0.0,0.0,0.8,0.0,1.1,0.0,0.0,1.9,-1.9,low
ins_341,instagram,0.0,0.0,0.0,0.0,0.0,0.0,1.1,0.0,0.0,1.1,-1.1,low
ins_342,instagram,0.0,0.0,0.0,0.0,0.7,0.0,0.3,0.0,0.0,1.0,-1.0,low
ins_343,instagram,0.0,0.0,0.0,0.0,0.0,0.0,0.5,0.0,0.0,0.5,-0.5,low
ins_344,instagram,0.0,0.0,0.0,0.0,0.0,0.0,1.0,0.0,0.0,1.0,-1.0,low
ins_345,instagram,0.0,0.0,0.0,0.0,0.0,0.0,0.7,0.0,0.0,0.7,-0.7,low
ins_346,instagram,0.0,0.0,0.0,0.0,0.0,0.0,0.9,0.0,0.0,0.9,-0.9,low
ins_347,instagram,0.0,0.8,0.0,0.0,0.7,0.0,0.9,0.8,0.8,2.4,-1.6,low
ins_348,instagram,0.0,0.0,0.0,0.0,0.0,0.6,0.2,0.0,0.0,0.8,-0.8,low
ins_349,instagram,0.0,0.0,0.0,0.0,0.0,0.0,0.2,0.0,0.0,0.2,-0.2,low
ins_350,instagram,0.0,0.0,0.0,0.0,0.0,0.0,0.2,0.0,0.0,0.2,-0.2,low
ins_351,instagram,0.0,0.0,0.0,0.0,0.0,0.0,0.3,0.0,0.0,0.3,-0.3,low
ins_352,instagram,0.0,0.0,0.0,0.0,0.0,0.0,0.7,0.0,0.0,0.7,-0.7,low
ins_353,instagram,0.0,0.0,0.0,0.0,0.0,0.0,0.2,0.0,0.0,0.2,-0.2,low
ins_354,instagram,0.0,0.0,0.0,0.0,0.0,0.0,0.4,0.0,0.0,0.4,-0.4,low
ins_355,instagram,0.0,0.0,0.0,0.0,0.0,0.0,1.1,0.0,0.0,1.1,-1.1,low
ins_356,instagram,0.0,0.0,0.0,0.0,0.0,0.0,0.8,0.0,0.0,0.8,-0.8,low
ins_357,instagram,0.0,0.0,0.0,0.0,0.0,0.0,0.8,0.0,0.0,0.8,-0.8,low
ins_358,instagram,0.0,0.6,0.0,0.0,0.0,0.0,0.4,0.0,0.6,0.4,0.2,high
ins_359,instagram,0.0,0.0,0.0,0.0,0.0,0.0,0.2,0.0,0.0,0.2,-0.2,low
ins_360,instagram,0.0,0.0,0.0,0.0,0.0,0.0,0.5,0.0,0.0,0.5,-0.5,low
ins_361,instagram,0.0,0.0,0.0,0.0,1.2,0.0,1.4,0.0,0.0,2.6,-2.6,low
ins_362,instagram,0.0,0.0,0.0,0.0,0.8,0.0,0.9,0.0,0.0,1.7,-1.7,low
ins_363,instagram,0.0,0.0,0.0,0.0,0.0,0.0,0.2,0.0,0.0,0.2,-0.2,low
ins_364,instagram,0.0,0.0,0.0,0.0,0.8,0.0,0.5,0.0,0.0,1.3,-1.3,low
ins_365,instagram,0.0,0.0,0.0,0.0,0.0,0.0,0.8,0.0,0.0,0.8,-0.8,low
ins_366,instagram,0.0,0.0,0.0,0.0,0.0,0.0,0.5,0.0,0.0,0.5,-0.5,low
ins_367,instagram,0.0,0.0,0.0,0.0,0.0,0.0,0.2,0.0,0.0,0.2,-0.2,low
ins_368,instagram,0.0,0.0,0.0,0.0,0.0,0.0,0.7,0.0,0.0,0.7,-0.7,low
ins_369,instagram,0.0,0.0,0.0,0.0,0.0,0.0,0.4,0.0,0.0,0.4,-0.4,low
ins_370,instagram,0.0,0.0,0.9,0.0,0.0,0.0,1.1,0.0,0.9,1.1,-0.2,low
ins_371,instagram,0.0,0.0,0.0,0.0,0.7,0.0,1.3,0.0,0.0,2.0,-2.0,low
ins_372,instagram,0.0,0.0,0.0,0.0,0.0,0.0,1.35,0.0,0.0,1.35,-1.35,low
ins_373,instagram,0.0,0.0,0.0,0.0,0.0,0.0,1.1,0.0,0.0,1.1,-1.1,low
ins_374,instagram,0.0,0.0,0.0,0.0,0.0,0.0,0.2,0.0,0.0,0.2,-0.2,low
ins_375,instagram,0.0,0.0,1.0,0.0,0.0,0.0,0.5,0.0,1.0,0.5,0.5,high
ins_376,instagram,1.0,0.0,0.0,0.0,0.7,0.0,0.5,0.0,1.0,1.2,-0.2,low
ins_377,instagram,1.0,0.8,1.9,0.0,0.0,0.0,0.6,0.0,3.7,0.6,3.1,high
ins_378,instagram,1.0,0.0,1.0,0.0,0.0,0.0,0.5,0.0,2.0,0.5,1.5,high
ins_379,instagram,1.0,0.0,0.0,0.0,0.0,0.0,0.6,0.0,1.0,0.6,0.4,high
ins_380,instagram,0.0,0.0,0.0,0.0,0.0,0.0,0.8,0.0,0.0,0.8,-0.8,low
ins_381,instagram,0.0,0.0,1.0,0.0,0.0,0.0,0.8,0.0,1.0,0.8,0.2,high
ins_382,instagram,0.0,0.0,0.0,0.0,0.0,0.0,0.5,0.0,0.0,0.5,-0.5,low
ins_383,instagram,0.0,0.0,0.0,0.0,0.0,0.0,0.5,0.0,0.0,0.5,-0.5,low
ins_384,instagram,0.0,0.0,0.0,0.0,0.0,0.0,0.8,0.0,0.0,0.8,-0.8,low
ins_385,instagram,0.0,0.0,0.0,0.0,0.7,0.0,0.5,0.0,0.0,1.2,-1.2,low
ins_386,instagram,0.0,0.0,0.0,0.0,0.7,0.0,0.3,0.0,0.0,1.0,-1.0,low
ins_387,instagram,0.0,0.9,0.0,0.0,0.7,0.0,0.5,0.0,0.9,1.2,-0.3,low
ins_388,instagram,1.0,0.0,0.9,0.0,0.7,0.0,0.5,0.0,1.9,1.2,0.7,high
ins_389,instagram,1.0,0.8,0.9,0.0,0.0,0.0,0.5,0.0,2.7,0.5,2.2,high
ins_390,instagram,0.0,0.0,1.0,0.0,0.0,0.0,0.5,0.0,1.0,0.5,0.5,high
ins_391,instagram,0.0,0.0,0.0,0.0,0.0,0.0,0.8,0.0,0.0,0.8,-0.8,low
ins_392,instagram,0.0,0.0,1.0,0.0,0.8,0.0,0.8,0.0,1.0,1.6,-0.6,low
ins_393,instagram,0.0,0.0,0.0,0.0,0.0,0.0,0.65,0.0,0.0,0.65,-0.65,low
ins_394,instagram,0.0,0.0,0.0,0.0,0.0,0.0,0.5,0.0,0.0,0.5,-0.5,low
ins_395,instagram,0.0,0.0,0.0,0.0,0.8,0.0,0.3,0.0,0.0,1.1,-1.1,low
ins_396,instagram,0.0,0.0,0.0,0.0,0.0,0.0,1.4,0.8,0.0,2.2,-2.2,low
ins_397,instagram,0.0,0.0,0.0,0.0,0.0,0.0,0.5,0.0,0.0,0.5,-0.5,low
ins_398,instagram,0.0,0.0,0.0,0.0,0.0,0.0,0.7,0.0,0.0,0.7,-0.7,low
ins_399,instagram,0.0,0.0,0.0,0.0,0.0,0.0,1.1,0.0,0.0,1.1,-1.1,low
ins_400,instagram,0.0,0.0,0.0,0.0,0.0,0.0,0.5,0.0,0.0,0.5,-0.5,low
ins_401,instagram,0.0,0.0,0.0,0.0,0.0,0.0,0.8,0.0,0.0,0.8,-0.8,low
ins_402,instagram,0.0,0.0,0.0,0.0,0.0,0.0,1.1,0.0,0.0,1.1,-1.1,low
ins_403,instagram,1.0,0.0,0.0,0.0,0.0,0.0,0.3,0.0,1.0,0.3,0.7,high
ins_404,instagram,0.0,0.0,0.0,0.0,0.0,0.0,0.5,0.0,0.0,0.5,-0.5,low
ins_405,instagram,0.0,0.0,0.0,0.0,0.7,0.0,1.5,0.0,0.0,2.2,-2.2,low
ins_406,instagram,0.0,0.0,0.0,0.0,0.0,0.0,0.8,0.0,0.0,0.8,-0.8,low
ins_407,instagram,0.0,0.0,0.8,0.0,0.0,0.0,1.0,0.0,0.8,1.0,-0.2,low
ins_408,instagram,0.0,0.0,0.0,0.0,0.0,0.0,0.3,0.0,0.0,0.3,-0.3,low
ins_409,instagram,0.0,0.0,0.0,0.0,0.0,0.0,0.5,0.0,0.0,0.5,-0.5,low
ins_410,instagram,0.0,0.0,0.0,0.0,0.7,0.0,1.5,0.8,0.0,3.0,-3.0,low
ins_411,instagram,0.0,0.0,0.9,0.8,0.0,0.0,0.7,0.0,1.7,0.7,1.0,high
ins_412,instagram,1.0,0.0,0.9,0.0,0.0,0.0,0.5,0.0,1.9,0.5,1.4,high
ins_413,instagram,0.0,0.0,0.0,0.0,0.8,0.0,0.5,0.0,0.0,1.3,-1.3,low
ins_414,instagram,0.0,0.0,1.0,0.0,0.0,0.0,0.7,0.0,1.0,0.7,0.3,high
ins_415,instagram,0.0,0.0,0.0,0.0,0.7,0.0,0.7,0.0,0.0,1.4,-1.4,low
ins_416,instagram,0.0,0.0,0.0,0.0,0.7,0.0,1.5,0.0,0.0,2.2,-2.2,low
ins_417,instagram,0.0,0.0,0.0,0.0,0.0,0.0,0.8,0.0,0.0,0.8,-0.8,low
ins_418,instagram,0.0,0.0,0.0,0.0,0.0,0.0,0.0,0.0,0.0,0.0,0.0,neutral
ins_419,instagram,1.0,0.0,0.0,0.0,0.7,0.0,0.8,0.0,1.0,1.5,-0.5,low
ins_420,instagram,0.0,0.6,0.0,0.0,0.0,0.0,0.5,0.0,0.6,0.5,0.1,high
ins_421,instagram,0.0,0.0,0.0,0.0,0.7,0.0,0.7,0.0,0.0,1.4,-1.4,low
ins_422,instagram,0.0,0.0,0.0,0.0,0.7,0.0,1.6,0.0,0.0,2.3,-2.3,low
ins_423,instagram,0.0,0.0,0.9,0.0,0.0,0.0,0.4,0.0,0.9,0.4,0.5,high
ins_424,instagram,0.0,0.0,0.9,0.0,0.7,0.0,0.7,0.0,0.9,1.4,-0.5,low
ins_425,instagram,0.0,0.0,0.0,0.0,0.0,0.0,0.5,0.0,0.0,0.5,-0.5,low
ins_426,instagram,0.0,0.0,0.9,0.0,0.0,0.0,0.9,0.0,0.9,0.9,0.0,neutral
ins_427,instagram,0.0,0.0,0.0,0.0,0.0,0.0,0.2,0.0,0.0,0.2,-0.2,low
ins_428,instagram,0.0,0.0,0.0,0.0,0.0,0.0,0.2,0.0,0.0,0.2,-0.2,low
ins_429,instagram,0.0,0.0,0.0,0.0,0.0,0.0,0.5,0.0,0.0,0.5,-0.5,low
ins_430,instagram,0.0,0.0,0.0,0.0,0.0,0.0,0.7,0.0,0.0,0.7,-0.7,low
ins_431,instagram,0.0,0.0,0.0,0.0,0.0,0.7,0.5,0.0,0.0,1.2,-1.2,low
ins_432,instagram,0.0,0.0,0.0,0.0,1.6,0.6,0.4,0.0,0.0,2.6,-2.6,low
ins_433,instagram,0.0,0.0,0.0,0.0,0.0,0.0,0.2,0.0,0.0,0.2,-0.2,low
ins_434,instagram,0.0,0.0,0.0,0.0,0.0,0.0,0.5,0.0,0.0,0.5,-0.5,low
ins_435,instagram,0.0,0.0,0.0,0.0,0.0,0.0,0.5,0.0,0.0,0.5,-0.5,low
ins_436,instagram,0.0,0.0,0.0,0.0,0.0,0.0,0.5,0.0,0.0,0.5,-0.5,low
ins_437,instagram,0.0,0.0,0.0,0.0,0.0,0.0,0.5,0.0,0.0,0.5,-0.5,low
ins_438,instagram,0.0,0.0,0.0,0.0,0.0,0.0,0.3,0.0,0.0,0.3,-0.3,low
ins_439,instagram,0.0,0.0,0.0,0.0,0.0,0.0,0.85,0.0,0.0,0.85,-0.85,low
ins_440,instagram,0.0,0.0,0.0,0.0,0.0,0.0,1.5,0.0,0.0,1.5,-1.5,low
ins_441,instagram,0.0,0.0,0.0,0.0,0.0,0.0,0.5,0.0,0.0,0.5,-0.5,low
ins_442,instagram,0.0,0.0,0.0,0.0,0.8,0.0,0.2,0.0,0.0,1.0,-1.0,low
ins_443,instagram,0.0,0.8,0.0,0.0,0.0,0.0,0.0,0.0,0.8,0.0,0.8,high
ins_444,instagram,0.0,0.0,0.0,0.0,0.0,0.0,0.7,0.0,0.0,0.7,-0.7,low
ins_445,instagram,0.0,0.0,0.0,0.0,0.0,0.0,0.5,0.0,0.0,0.5,-0.5,low
ins_446,instagram,0.0,0.0,0.9,0.0,0.0,0.0,0.8,0.0,0.9,0.8,0.1,high
ins_447,instagram,0.0,0.0,0.0,0.0,0.0,0.0,0.5,0.0,0.0,0.5,-0.5,low
ins_448,instagram,0.0,0.0,0.0,0.8,0.8,0.0,0.8,0.0,0.8,1.6,-0.8,low
ins_449,instagram,0.0,0.0,0.0,0.0,0.0,0.0,0.3,0.0,0.0,0.3,-0.3,low
ins_450,instagram,0.0,0.0,1.8,0.0,0.0,0.0,0.5,0.0,1.8,0.5,1.3,high
ins_451,instagram,0.0,0.0,0.0,0.0,0.0,0.0,0.0,0.0,0.0,0.0,0.0,neutral
ins_452,instagram,0.0,0.0,0.0,0.0,0.0,0.0,0.2,0.0,0.0,0.2,-0.2,low
ins_453,instagram,0.0,0.0,0.0,0.0,0.0,0.0,0.5,0.0,0.0,0.5,-0.5,low
ins_454,instagram,0.0,0.0,0.0,0.0,0.0,0.0,0.5,0.0,0.0,0.5,-0.5,low
ins_455,instagram,0.0,0.0,0.0,0.0,0.0,0.0,0.7,0.0,0.0,0.7,-0.7,low
ins_456,instagram,0.0,0.0,0.0,0.0,0.0,0.0,0.3,0.0,0.0,0.3,-0.3,low
ins_457,instagram,0.0,0.0,0.0,0.0,0.0,0.0,1.15,0.0,0.0,1.15,-1.15,low
ins_458,instagram,0.0,0.0,0.0,0.0,0.0,0.0,0.5,0.0,0.0,0.5,-0.5,low
ins_459,instagram,0.0,0.0,0.0,0.0,0.7,0.0,0.8,0.0,0.0,1.5,-1.5,low
ins_460,instagram,0.0,0.0,0.0,0.0,0.0,0.0,0.4,0.0,0.0,0.4,-0.4,low
ins_461,instagram,0.0,0.0,0.0,0.0,0.0,0.0,1.1,0.0,0.0,1.1,-1.1,low
ins_462,instagram,0.0,0.0,0.9,0.0,0.0,0.0,0.8,0.0,0.9,0.8,0.1,high
ins_463,instagram,0.0,0.0,0.8,0.0,0.0,0.0,0.5,0.0,0.8,0.5,0.3,high
ins_464,instagram,0.0,0.0,0.9,0.0,0.0,0.0,1.25,0.0,0.9,1.25,-0.35,low
ins_465,instagram,0.0,0.0,0.0,0.0,0.7,0.0,0.7,0.0,0.0,1.4,-1.4,low
ins_466,instagram,0.0,0.0,0.0,0.0,0.0,0.0,0.7,0.0,0.0,0.7,-0.7,low
ins_467,instagram,0.0,0.0,0.0,0.0,0.0,0.0,0.5,0.0,0.0,0.5,-0.5,low
ins_468,instagram,0.0,0.0,0.0,0.0,0.0,0.0,0.5,0.0,0.0,0.5,-0.5,low
ins_469,instagram,0.0,0.8,0.0,0.0,0.0,0.0,0.5,0.0,0.8,0.5,0.3,high
ins_470,instagram,0.0,0.0,0.0,0.0,0.7,0.0,0.8,0.0,0.0,1.5,-1.5,low
ins_471,instagram,0.0,0.0,1.0,0.0,0.7,0.0,1.6,0.0,1.0,2.3,-1.3,low
ins_472,instagram,0.0,0.0,0.0,0.0,0.0,0.0,1.1,0.0,0.0,1.1,-1.1,low
ins_473,instagram,0.0,0.0,0.9,0.0,0.0,0.0,0.0,0.0,0.9,0.0,0.9,high
ins_474,instagram,0.0,0.0,0.0,0.0,0.0,0.0,1.0,0.0,0.0,1.0,-1.0,low
ins_475,instagram,0.0,0.0,0.0,0.0,0.0,0.0,0.5,0.0,0.0,0.5,-0.5,low
ins_476,instagram,0.0,0.0,0.0,0.0,0.0,0.0,1.0,0.0,0.0,1.0,-1.0,low
ins_477,instagram,0.0,0.0,0.9,0.0,0.0,0.0,0.5,0.0,0.9,0.5,0.4,high
ins_478,instagram,0.0,0.0,1.0,0.0,0.7,0.0,0.5,0.0,1.0,1.2,-0.2,low
ins_479,instagram,0.0,0.0,0.0,0.0,0.0,0.0,1.1,0.0,0.0,1.1,-1.1,low
ins_480,instagram,0.0,0.6,0.0,0.0,0.0,0.0,0.5,0.0,0.6,0.5,0.1,high
ins_481,instagram,0.0,0.0,0.0,0.0,0.0,0.0,0.5,0.0,0.0,0.5,-0.5,low
ins_482,instagram,0.0,0.0,0.0,0.0,0.0,0.0,1.2,0.0,0.0,1.2,-1.2,low
ins_483,instagram,0.0,0.0,0.0,0.0,0.7,0.0,0.6,0.0,0.0,1.3,-1.3,low
ins_484,instagram,0.0,0.0,0.0,0.0,0.0,0.0,0.3,0.0,0.0,0.3,-0.3,low
ins_485,instagram,0.0,0.0,1.0,0.0,0.7,0.0,0.7,0.0,1.0,1.4,-0.4,low
ins_486,instagram,0.0,0.0,0.0,0.0,0.0,0.0,1.2,0.0,0.0,1.2,-1.2,low
ins_487,instagram,0.0,0.0,0.0,0.0,0.8,0.0,0.5,0.0,0.0,1.3,-1.3,low
ins_488,instagram,0.0,0.0,0.9,0.0,0.8,0.0,0.7,0.0,0.9,1.5,-0.6,low
ins_489,instagram,0.0,0.0,1.0,0.0,0.7,0.0,0.8,0.0,1.0,1.5,-0.5,low
ins_490,instagram,0.0,0.6,0.0,0.0,0.8,0.0,0.8,0.8,0.6,2.4,-1.8,low
ins_491,instagram,0.0,0.0,0.0,0.0,0.8,0.0,1.1,0.0,0.0,1.9,-1.9,low
ins_492,instagram,0.0,0.0,0.9,0.0,0.0,0.0,1.0,0.0,0.9,1.0,-0.1,low
ins_493,instagram,0.0,1.4,0.0,1.0,0.0,0.0,1.1,0.8,2.4,1.9,0.5,high
ins_494,instagram,0.0,0.0,0.0,0.0,0.0,0.0,0.5,0.0,0.0,0.5,-0.5,low
ins_495,instagram,0.0,0.0,0.0,0.0,0.0,0.0,1.0,0.0,0.0,1.0,-1.0,low
ins_496,instagram,1.0,0.0,0.0,0.0,0.0,0.0,1.0,0.0,1.0,1.0,0.0,neutral
ins_497,instagram,0.0,0.0,0.0,0.0,0.0,0.0,1.65,0.0,0.0,1.65,-1.65,low
ins_498,instagram,0.0,0.0,0.9,0.0,0.0,0.0,0.4,0.0,0.9,0.4,0.5,high
ins_499,instagram,0.0,0.0,0.0,0.0,0.7,0.0,0.8,0.0,0.0,1.5,-1.5,low
ins_500,instagram,0.0,0.0,0.0,0.0,0.0,0.0,0.0,0.0,0.0,0.0,0.0,neutral
ins_501,instagram,0.0,0.0,0.0,0.0,0.0,0.0,0.0,0.0,0.0,0.0,0.0,neutral
ins_502,instagram,0.0,0.0,0.0,0.0,0.0,0.0,0.5,0.0,0.0,0.5,-0.5,low
ins_503,instagram,0.0,0.0,0.0,0.0,0.8,0.0,0.2,0.0,0.0,1.0,-1.0,low
ins_504,instagram,0.0,0.0,0.0,0.0,0.8,0.0,0.9,0.0,0.0,1.7,-1.7,low
ins_505,instagram,0.0,0.0,0.0,0.0,0.0,0.0,0.7,0.0,0.0,0.7,-0.7,low
ins_506,instagram,0.0,0.0,0.0,0.0,0.0,0.0,0.5,0.0,0.0,0.5,-0.5,low
ins_507,instagram,0.0,0.0,0.0,0.0,0.0,0.0,1.2,0.0,0.0,1.2,-1.2,low
ins_508,instagram,0.0,0.0,0.0,0.0,0.0,0.0,0.7,0.0,0.0,0.7,-0.7,low
ins_509,instagram,0.0,0.0,0.0,0.0,0.0,1.4,0.5,0.0,0.0,1.9,-1.9,low
ins_510,instagram,0.0,0.0,0.0,0.0,0.0,0.0,0.7,0.0,0.0,0.7,-0.7,low
ins_511,instagram,0.0,0.0,0.0,0.0,0.0,0.0,1.0,0.0,0.0,1.0,-1.0,low
ins_512,instagram,0.0,0.0,0.0,0.0,0.0,0.6,1.1,0.0,0.0,1.7,-1.7,low
ins_513,instagram,0.0,0.0,0.0,0.0,0.7,0.0,0.7,0.0,0.0,1.4,-1.4,low
ins_514,instagram,0.0,0.0,0.0,0.0,0.0,0.0,0.5,0.0,0.0,0.5,-0.5,low
ins_515,instagram,0.0,0.0,0.0,0.0,0.0,1.05,1.0,0.0,0.0,2.05,-2.05,low
ins_516,instagram,0.0,0.0,0.0,0.0,0.0,0.0,1.2,0.0,0.0,1.2,-1.2,low
ins_517,instagram,0.0,0.0,0.0,0.0,0.0,0.0,0.5,0.0,0.0,0.5,-0.5,low
ins_518,instagram,0.0,0.0,1.0,0.0,0.7,0.0,1.9,1.2,1.0,3.8,-2.8,low
ins_519,instagram,0.0,0.0,0.0,0.0,0.0,0.0,0.3,0.0,0.0,0.3,-0.3,low
ins_520,instagram,0.0,0.0,0.0,0.0,0.0,0.0,0.5,0.0,0.0,0.5,-0.5,low
ins_521,instagram,0.0,0.0,0.0,0.0,0.0,0.0,0.7,0.0,0.0,0.7,-0.7,low
ins_522,instagram,0.0,0.5,0.0,0.0,0.0,0.0,0.3,0.8,0.5,1.1,-0.6,low
ins_523,instagram,0.0,0.0,0.0,0.0,0.0,0.0,0.5,0.8,0.0,1.3,-1.3,low
ins_524,instagram,0.0,0.0,0.0,0.0,0.0,0.0,0.5,0.8,0.0,1.3,-1.3,low
ins_525,instagram,0.0,0.0,0.0,0.0,0.7,0.0,1.1,0.0,0.0,1.8,-1.8,low
ins_526,instagram,0.0,0.0,0.0,0.0,0.0,0.0,0.5,0.8,0.0,1.3,-1.3,low
ins_527,instagram,0.0,0.0,0.0,0.0,0.8,0.0,0.8,0.0,0.0,1.6,-1.6,low
ins_528,instagram,0.0,0.0,0.0,0.0,0.7,0.0,0.5,0.0,0.0,1.2,-1.2,low
ins_529,instagram,0.0,0.0,0.0,0.0,0.0,0.0,0.2,0.0,0.0,0.2,-0.2,low
ins_530,instagram,0.0,0.0,0.0,0.0,0.0,0.0,0.7,0.0,0.0,0.7,-0.7,low
ins_531,instagram,0.0,0.0,0.0,0.0,0.0,0.0,0.5,0.0,0.0,0.5,-0.5,low
ins_532,instagram,0.0,0.0,0.0,0.0,0.0,0.0,1.4,0.8,0.0,2.2,-2.2,low
ins_533,instagram,0.0,0.0,1.0,0.0,0.7,0.0,0.0,0.0,1.0,0.7,0.3,high
ins_534,instagram,0.0,0.0,0.9,0.0,0.0,0.0,0.7,0.0,0.9,0.7,0.2,high
ins_535,instagram,0.0,0.0,0.0,0.0,0.0,0.0,1.1,0.0,0.0,1.1,-1.1,low
ins_536,instagram,0.0,0.0,1.35,0.0,0.0,0.0,0.2,0.0,1.35,0.2,1.15,high
ins_537,instagram,0.0,0.0,0.8,0.0,0.0,0.0,0.8,0.0,0.8,0.8,0.0,neutral
ins_538,instagram,0.0,0.0,0.0,0.0,0.0,0.0,0.3,0.0,0.0,0.3,-0.3,low
ins_539,instagram,0.0,0.0,0.0,0.0,0.0,0.0,0.6,0.0,0.0,0.6,-0.6,low
ins_540,instagram,0.0,0.0,0.0,0.0,2.25,0.0,1.3,0.0,0.0,3.55,-3.55,low
ins_541,instagram,1.2,0.0,0.0,0.0,0.0,0.0,0.5,0.0,1.2,0.5,0.7,high
ins_542,instagram,0.0,0.0,0.0,0.0,0.7,0.0,1.3,0.0,0.0,2.0,-2.0,low
ins_543,instagram,1.0,0.0,0.0,0.0,0.0,0.0,0.8,0.0,1.0,0.8,0.2,high
ins_544,instagram,0.0,0.0,0.0,0.0,0.0,0.0,1.6,0.0,0.0,1.6,-1.6,low
ins_545,instagram,0.0,0.0,0.0,0.0,0.0,0.0,1.0,0.0,0.0,1.0,-1.0,low
ins_546,instagram,0.0,0.0,0.0,0.0,0.0,0.0,1.0,0.0,0.0,1.0,-1.0,low
sho_001,shopee,0.0,0.0,0.0,0.0,0.0,0.0,0.2,0.0,0.0,0.2,-0.2,low
sho_002,shopee,0.8,0.5,0.0,0.0,0.7,1.2,1.8,0.0,1.3,3.7,-2.4,low
sho_003,shopee,0.0,2.2,0.0,0.0,1.6,0.6,1.6,0.0,2.2,3.8,-1.6,low
sho_004,shopee,0.0,1.5,0.8,0.0,0.0,1.3,1.8,0.0,2.3,3.1,-0.8,low
sho_005,shopee,0.0,0.0,0.0,0.0,1.6,1.8,1.5,0.0,0.0,4.9,-4.9,low
sho_006,shopee,0.8,0.5,0.0,0.0,3.55,0.6,1.3,0.0,1.3,5.45,-4.15,low
sho_007,shopee,0.8,1.35,0.0,0.0,1.6,0.7,1.5,0.0,2.15,3.8,-1.65,low
sho_008,shopee,0.8,1.23,0.0,0.0,2.05,2.4,1.1,0.0,2.03,5.55,-3.52,low
sho_010,shopee,0.0,0.0,0.0,0.0,0.0,0.6,0.2,0.8,0.0,1.6,-1.6,low
sho_011,shopee,0.0,0.6,1.0,0.0,0.7,0.6,1.0,0.0,1.6,2.3,-0.7,low
sho_013,shopee,0.0,0.0,0.0,0.0,0.0,0.6,0.8,0.0,0.0,1.4,-1.4,low
sho_014,shopee,0.0,0.0,0.0,0.0,0.0,0.0,0.2,0.0,0.0,0.2,-0.2,low
sho_015,shopee,0.8,1.6,0.8,0.0,2.05,0.6,1.0,0.0,3.2,3.65,-0.45,low
sho_016,shopee,0.8,1.6,0.8,0.0,2.05,0.6,1.0,0.0,3.2,3.65,-0.45,low
sho_017,shopee,0.0,0.0,0.8,0.0,0.8,0.0,0.8,0.8,0.8,2.4,-1.6,low
sho_018,shopee,0.0,1.8,0.0,0.0,1.5,0.9,3.38,0.8,1.8,6.58,-4.78,low
sho_020,shopee,0.0,0.0,0.0,0.0,1.6,0.6,1.3,0.8,0.0,4.3,-4.3,low
sho_021,shopee,0.0,1.7,0.0,0.0,1.6,0.6,1.55,0.8,1.7,4.55,-2.85,low
sho_022,shopee,0.8,0.9,0.0,0.0,0.9,0.5,1.35,0.0,1.7,2.75,-1.05,low
sho_023,shopee,0.0,0.9,0.0,0.0,1.6,0.0,0.6,0.0,0.9,2.2,-1.3,low
sho_024,shopee,0.0,1.4,0.8,0.0,1.6,0.9,0.6,0.0,2.2,3.1,-0.9,low
sho_025,shopee,0.0,0.0,0.0,0.0,0.0,0.0,0.14,0.0,0.0,0.14,-0.14,low
sho_026,shopee,0.8,0.0,0.56,0.0,0.7,0.6,1.75,1.6,1.36,4.65,-3.29,low
sho_027,shopee,0.0,0.5,0.0,0.0,1.5,1.1,1.4,0.0,0.5,4.0,-3.5,low
sho_028,shopee,0.0,0.5,0.0,0.0,1.5,1.1,1.1,0.0,0.5,3.7,-3.2,low
sho_029,shopee,1.0,1.3,0.0,0.0,1.5,1.0,1.0,0.0,2.3,3.5,-1.2,low
sho_030,shopee,1.0,1.3,0.0,0.0,1.5,1.0,1.0,0.0,2.3,3.5,-1.2,low
sho_031,shopee,0.0,0.0,0.0,0.0,0.0,0.0,0.14,0.0,0.0,0.14,-0.14,low
sho_032,shopee,0.0,1.4,0.0,0.0,0.9,0.6,0.9,0.0,1.4,2.4,-1.0,low
sho_033,shopee,0.0,0.6,0.8,0.0,0.9,0.6,1.2,0.8,1.4,3.5,-2.1,low
sho_034,shopee,0.0,0.6,0.8,0.0,0.9,0.6,1.2,0.8,1.4,3.5,-2.1,low
sho_035,shopee,0.0,1.4,0.0,0.0,0.0,0.0,0.2,0.0,1.4,0.2,1.2,high
sho_036,shopee,0.0,1.4,0.8,0.0,0.7,0.6,0.4,0.0,2.2,1.7,0.5,high
sho_037,shopee,0.0,0.5,0.0,0.0,0.0,0.0,0.6,0.0,0.5,0.6,-0.1,low
sho_038,shopee,0.0,1.1,0.0,0.0,0.0,0.6,1.8,0.0,1.1,2.4,-1.3,low
sho_039,shopee,0.0,0.0,0.0,0.0,0.0,0.0,0.5,0.0,0.0,0.5,-0.5,low
sho_040,shopee,0.0,0.0,0.8,0.0,0.7,0.0,1.15,0.8,0.8,2.65,-1.85,low
sho_041,shopee,0.0,0.0,0.8,0.0,0.7,0.0,1.15,0.8,0.8,2.65,-1.85,low
sho_042,shopee,0.0,0.0,0.8,0.0,2.4,1.1,1.3,0.8,0.8,5.6,-4.8,low
sho_043,shopee,0.0,0.0,0.8,0.0,1.6,0.6,1.6,0.0,0.8,3.8,-3.0,low
sho_044,shopee,0.0,2.0,0.8,0.0,0.7,0.6,0.4,0.0,2.8,1.7,1.1,high
sho_045,shopee,0.0,0.5,0.0,0.0,0.49,1.1,3.3,1.2,0.5,6.09,-5.59,low
sho_046,shopee,0.0,2.1,0.0,0.0,1.6,1.2,1.6,0.8,2.1,5.2,-3.1,low
sho_047,shopee,0.9,1.4,0.0,0.0,1.8,1.3,1.95,0.0,2.3,5.05,-2.75,low
sho_048,shopee,0.9,1.4,0.0,0.0,1.8,1.3,1.95,0.0,2.3,5.05,-2.75,low
sho_049,shopee,0.9,0.5,0.8,0.0,1.6,1.3,2.05,0.0,2.2,4.95,-2.75,low
sho_050,shopee,0.0,0.0,0.0,0.0,1.6,0.6,1.05,0.0,0.0,3.25,-3.25,low
sho_051,shopee,0.0,1.2,0.0,0.0,0.7,0.6,1.1,0.0,1.2,2.4,-1.2,low
sho_052,shopee,0.0,0.0,0.0,0.0,0.0,0.0,0.0,0.0,0.0,0.0,0.0,neutral
sho_053,shopee,0.0,0.0,0.0,0.0,1.7,0.0,1.0,0.0,0.0,2.7,-2.7,low
sho_054,shopee,0.9,0.0,0.0,0.0,0.9,1.1,0.2,0.0,0.9,2.2,-1.3,low
sho_055,shopee,0.0,0.6,0.0,0.0,0.0,0.6,1.75,0.0,0.6,2.35,-1.75,low
sho_056,shopee,0.0,0.6,0.0,0.0,0.0,0.6,1.75,0.0,0.6,2.35,-1.75,low
sho_057,shopee,0.0,0.92,0.8,0.0,0.7,0.6,1.35,0.0,1.72,2.65,-0.93,low
sho_058,shopee,0.0,1.66,0.8,0.0,0.7,0.6,1.6,0.0,2.46,2.9,-0.44,low
sho_059,shopee,0.0,0.0,0.0,0.0,0.9,0.0,1.3,0.8,0.0,3.0,-3.0,low
sho_060,shopee,0.7,0.5,0.0,0.0,0.9,1.1,1.4,0.0,1.2,3.4,-2.2,low
sho_061,shopee,0.0,0.0,0.0,0.0,0.0,0.0,0.2,0.0,0.0,0.2,-0.2,low
sho_062,shopee,0.0,0.9,0.0,0.0,0.9,0.0,1.6,0.0,0.9,2.5,-1.6,low
sho_063,shopee,0.0,0.0,0.0,0.0,0.0,0.0,1.2,0.0,0.0,1.2,-1.2,low
sho_064,shopee,0.0,0.6,0.0,0.0,0.7,0.6,2.8,0.8,0.6,4.9,-4.3,low
sho_065,shopee,0.0,1.4,0.0,0.0,0.7,1.9,0.8,0.8,1.4,4.2,-2.8,low
sho_066,shopee,0.0,0.6,0.0,0.0,0.0,0.0,1.4,0.8,0.6,2.2,-1.6,low
sho_067,shopee,0.0,0.5,0.0,0.0,0.7,1.1,0.4,0.8,0.5,3.0,-2.5,low
sho_068,shopee,0.0,0.0,0.0,0.0,0.7,0.5,1.4,0.0,0.0,2.6,-2.6,low
sho_069,shopee,0.0,0.6,0.0,0.0,0.7,1.7,1.4,0.8,0.6,4.6,-4.0,low
sho_070,shopee,0.0,0.0,0.0,0.0,0.0,0.0,0.2,0.0,0.0,0.2,-0.2,low
sho_071,shopee,0.0,0.0,0.0,0.0,0.7,0.6,0.8,0.0,0.0,2.1,-2.1,low
sho_072,shopee,0.0,0.0,0.0,0.0,0.0,0.6,1.6,0.0,0.0,2.2,-2.2,low
sho_073,shopee,0.0,0.0,0.8,0.0,0.7,1.1,1.8,0.0,0.8,3.6,-2.8,low
sho_074,shopee,0.0,0.0,0.0,0.0,0.0,0.0,0.0,0.0,0.0,0.0,0.0,neutral
sho_075,shopee,0.0,1.4,0.0,0.0,0.0,0.6,1.8,0.0,1.4,2.4,-1.0,low
sho_076,shopee,0.0,0.6,0.8,0.0,0.7,1.95,2.25,0.0,1.4,4.9,-3.5,low
sho_077,shopee,0.0,0.5,0.0,0.0,1.6,0.6,0.4,0.8,0.5,3.4,-2.9,low
sho_078,shopee,0.0,0.5,0.0,0.0,1.6,0.6,0.4,0.8,0.5,3.4,-2.9,low
sho_079,shopee,0.0,0.6,0.8,0.0,0.7,0.6,1.2,0.0,1.4,2.5,-1.1,low
sho_080,shopee,0.9,0.6,0.0,0.0,0.9,0.0,0.85,0.8,1.5,2.55,-1.05,low
sho_081,shopee,0.9,1.1,1.6,0.0,0.7,0.6,1.1,0.8,3.6,3.2,0.4,high
sho_082,shopee,0.0,0.0,0.0,0.0,0.9,1.09,1.6,0.0,0.0,3.59,-3.59,low
sho_083,shopee,0.0,0.0,0.8,0.0,2.23,0.6,1.3,0.0,0.8,4.13,-3.33,low
sho_084,shopee,0.0,0.5,0.0,0.0,0.7,0.6,1.0,0.8,0.5,3.1,-2.6,low
sho_085,shopee,0.49,0.98,0.0,0.0,0.7,0.0,0.8,0.0,1.47,1.5,-0.03,low
sho_086,shopee,0.0,0.6,0.0,0.0,0.0,0.7,0.7,0.0,0.6,1.4,-0.8,low
sho_087,shopee,0.0,0.5,0.0,0.0,0.0,0.0,0.75,0.0,0.5,0.75,-0.25,low
sho_088,shopee,0.0,0.6,0.0,0.0,0.0,0.6,0.9,0.0,0.6,1.5,-0.9,low
sho_089,shopee,0.8,0.0,0.0,0.0,0.7,0.6,0.3,0.8,0.8,2.4,-1.6,low
sho_090,shopee,0.0,1.3,0.0,0.0,0.9,1.2,0.85,0.0,1.3,2.95,-1.65,low
sho_091,shopee,0.0,0.0,0.0,0.0,0.0,0.0,0.2,0.0,0.0,0.2,-0.2,low
sho_092,shopee,0.0,1.3,0.0,0.0,0.9,1.2,0.85,0.0,1.3,2.95,-1.65,low
sho_093,shopee,0.0,0.0,0.0,0.0,0.0,0.0,0.2,0.0,0.0,0.2,-0.2,low
sho_094,shopee,0.0,0.0,0.0,0.0,0.0,0.0,0.2,0.0,0.0,0.2,-0.2,low
sho_095,shopee,1.8,1.95,0.8,0.0,1.6,1.9,1.4,0.8,4.55,5.7,-1.15,low
sho_096,shopee,1.8,1.95,0.8,0.0,1.6,1.9,1.4,0.8,4.55,5.7,-1.15,low
sho_097,shopee,0.0,1.3,2.0,0.0,1.6,0.6,1.0,0.0,3.3,3.2,0.1,high
sho_098,shopee,0.0,0.0,0.0,0.0,1.6,1.2,0.4,0.0,0.0,3.2,-3.2,low
sho_099,shopee,0.0,0.0,0.0,0.0,1.6,1.2,0.4,0.0,0.0,3.2,-3.2,low
sho_100,shopee,0.0,0.0,0.0,0.0,1.6,0.6,1.2,0.0,0.0,3.4,-3.4,low
sho_101,shopee,0.0,0.0,0.0,0.0,1.6,0.6,2.2,0.0,0.0,4.4,-4.4,low
sho_102,shopee,0.56,1.1,0.0,0.0,0.7,1.1,0.7,0.0,1.66,2.5,-0.84,low
sho_103,shopee,0.0,0.5,1.6,0.0,2.05,0.0,1.55,0.8,2.1,4.4,-2.3,low
sho_104,shopee,0.0,0.5,1.6,0.0,2.05,0.0,1.55,0.8,2.1,4.4,-2.3,low
sho_105,shopee,0.0,0.6,0.0,0.0,0.9,0.0,0.7,0.0,0.6,1.6,-1.0,low
sho_106,shopee,0.7,0.0,0.0,0.0,0.0,0.0,0.5,0.8,0.7,1.3,-0.6,low
sho_107,shopee,1.5,1.4,0.0,0.0,1.2,0.0,1.0,0.8,2.9,3.0,-0.1,low
sho_108,shopee,0.0,0.0,0.0,0.0,0.0,0.0,0.2,0.0,0.0,0.2,-0.2,low
sho_109,shopee,0.0,0.0,0.0,0.0,0.0,0.0,0.2,0.0,0.0,0.2,-0.2,low
sho_110,shopee,0.0,0.0,0.0,0.0,0.7,0.0,0.5,0.0,0.0,1.2,-1.2,low
sho_111,shopee,0.0,0.0,0.0,0.0,0.7,0.0,0.5,0.0,0.0,1.2,-1.2,low
sho_112,shopee,0.0,0.0,0.0,0.0,0.0,0.0,0.0,0.0,0.0,0.0,0.0,neutral
sho_113,shopee,0.0,0.0,0.0,0.0,0.0,0.0,0.5,0.0,0.0,0.5,-0.5,low
sho_114,shopee,0.0,0.0,0.0,0.0,0.0,0.0,0.0,0.0,0.0,0.0,0.0,neutral
sho_115,shopee,0.0,0.0,0.0,0.0,0.0,0.0,0.2,0.0,0.0,0.2,-0.2,low
sho_116,shopee,0.0,0.0,0.0,0.0,0.0,0.0,0.0,0.0,0.0,0.0,0.0,neutral
sho_117,shopee,0.0,0.0,0.0,0.0,0.0,0.0,0.0,0.0,0.0,0.0,0.0,neutral
sho_118,shopee,0.7,0.0,0.0,0.0,1.5,0.0,0.6,0.0,0.7,2.1,-1.4,low
sho_119,shopee,0.0,0.8,0.0,0.0,0.9,0.6,0.4,0.0,0.8,1.9,-1.1,low
sho_120,shopee,0.0,0.0,0.0,0.0,2.47,1.2,1.2,0.0,0.0,4.87,-4.87,low
sho_121,shopee,0.7,1.1,0.8,0.0,1.6,0.6,2.15,0.0,2.6,4.35,-1.75,low
sho_122,shopee,0.0,0.0,0.0,0.0,0.0,0.0,0.2,0.0,0.0,0.2,-0.2,low
sho_123,shopee,0.0,0.0,0.0,0.0,0.7,0.7,0.4,0.8,0.0,2.6,-2.6,low
